<?xml version="1.0" encoding="utf-8"?>
<!DOCTYPE hibernate-configuration PUBLIC
	"-//Hibernate/Hibernate Configuration DTD 3.0//EN"
	"http://www.hibernate.org/dtd/hibernate-configuration-3.0.dtd">

<hibernate-configuration>
    <session-factory>
    <!-- database configuration -->

    <property name="hibernate.connection.url">jdbc:postgresql://localhost:5432/EmployeeManager</property>
    <property name="hibernate.connection.username">postgres</property>
    <property name="hibernate.connection.password">@Prakhar123</property>
    <property name="hibernate.connection.driver_class">org.postgresql.Driver</property>

    <!-- hibernate configuration -->

    <property name="hibernate.dialect">org.hibernate.dialect.PostgreSQLDialect</property>
    <property name="hibernate.show_sql">true</property>
    <property name="hibernate.format_sql">true</property>
    <property name="hibernate.hbm2ddl.auto">update</property>

    <mapping class="com.example.models.Department" />
    <mapping class="com.example.models.Employee" />

    </session-factory>
</hibernate-configuration>