market_price,vehicle_age,mileage,horsepower,fuel_efficiency,safety_rating,insurance_price
43708.61069626262,12,64167.777124082,219,20.721886562087477,2.399751414282856,5711.825098129493
95564.28757689246,14,23794.58632345584,154,29.921296922193985,4.129703248851151,7243.005113744249
75879.45476302646,8,36050.102135495734,126,38.20455245284879,4.970058480647886,5149.852166500985
63879.26357773329,3,130519.68407300684,217,38.22848800038657,1.9626820590286123,5429.425210349086
24041.67763981929,8,71460.90287934414,320,23.547631952637257,4.4972293365483225,5759.417995948599
24039.506830258237,5,80768.35717455647,330,28.191936655542374,4.322491041727165,5111.843503167826
15227.525095137951,1,27588.448818938046,152,20.29089746424653,1.8986295905670665,1916.9328510296955
87955.85311974416,7,47528.496121270604,394,39.890777737472085,2.5973303207968903,8050.631568109094
64100.351056888794,5,35306.67909575262,332,39.52794769669839,2.6386914771700765,5830.959775916335
73726.5320016441,6,31721.738513245535,257,31.237723242686183,4.912882674106234,6514.982013190077
11852.60448662222,6,96056.15820407955,368,35.11035149193684,1.7235676055155933,4380.027894705366
97291.88669457949,8,39275.69329921151,120,32.8775040320925,4.196631884419128,6316.240702581276
84919.83767203796,9,95170.30741704235,152,29.828955475986703,2.3367708566924397,6496.189170689837
29110.519961044854,2,9709.737502174532,374,16.333699924722442,3.9234813831046416,5530.977445137524
26364.247048639056,9,22124.384635538176,380,26.369108563816525,2.6800440171826514,5326.272595809943
26506.405886809043,12,41906.49784601868,313,31.869657554185263,3.31343905246616,4983.8029921351235
37381.80186635839,11,89959.99061745805,130,31.938290347092117,4.3304470933045245,4374.8624028454105
57228.07884690141,10,101700.34551801902,282,24.32806546055959,4.216662259935537,7398.532126735373
48875.05167779042,9,66964.82805014953,122,38.54229966645076,4.4656927341588,4179.73224710055
36210.62261782377,13,67422.84627200711,131,19.183925805919525,1.238469301378636,4336.799055779448
65066.76052501415,10,108953.0108583941,173,27.508986155389017,3.7682022121589793,6455.495149248554
22554.447458683768,10,3357.342673071784,109,32.27209941377057,1.5599495068870515,1775.1099870678233
36293.018368169636,7,51822.41364665886,153,32.428395147295234,2.663274272073644,3523.580717302541
42972.56589643225,1,122987.35151076569,151,31.21597391922039,3.194353660218754,4104.917349152365
51046.298579533235,7,90879.69212179245,247,21.882205336296504,2.610957938987323,6018.2623237676535
80665.83652537123,10,51246.842780557636,259,18.90516421716555,3.07844670321203,7906.783835037909
27970.640394252376,5,135923.1940571214,113,30.89850817066777,4.986105235194477,3727.3099888940365
56281.09945722504,6,116120.786389958,277,29.982552903485946,1.540869254851419,6267.099941882176
63317.311197583826,10,40469.42163827328,152,19.483900257231024,3.7018241813457022,5872.178966229039
14180.537144799795,7,97148.18579133182,121,32.62847863926409,2.584003865542461,2442.230297310778
64679.036671129455,14,89766.85850015454,129,26.37929979334141,1.5320391956293151,5807.07590447998
25347.171131856237,5,60776.99919180842,290,31.694014790078825,1.6349470534972381,4006.6907431253085
15854.643368675155,7,55676.4558015153,359,35.93417699425377,4.797092424982468,4924.234651374489
95399.6983528,9,52190.51074157989,304,19.24321071442308,4.518405986847048,9065.742773956954
96906.88297671035,3,92956.21172595138,158,15.478621699920916,4.628167841660087,7730.356825516344
82755.7613304815,8,66919.08053561975,363,34.47756465989467,4.9661311033095465,8609.957148754696
37415.23922560336,2,124947.60387446189,111,30.2424356288154,1.8332615600340718,3225.2150370724453
18790.49026057455,11,100770.78980396032,218,32.49098924055304,2.421757349456247,4177.087726665088
71580.97238609413,7,11419.809250705686,389,35.953874374716065,3.676876119699467,7390.871815316725
49613.724436564116,13,96385.06535039675,347,35.07027337061251,2.935210159442589,7007.885735995903
20983.441136030095,2,41400.968038527535,226,39.023003673220614,2.673558133513334,2574.8794128859467
54565.92191001432,14,89328.98675635998,174,28.398376971302955,2.431244997342372,5712.546885833658
13094.966900369654,4,102339.65773441426,303,27.212390816497635,3.375122527773809,4498.023216899286
91838.83618709039,7,35393.5491839478,148,25.047179997268252,3.302373714560328,6553.935442841328
33290.19834400152,3,69071.93808717493,178,18.842276071105115,1.6458313362569603,3869.5855899839826
69627.00559185838,2,29358.4045600411,340,29.31518082205056,2.8869593500737563,6422.009946902015
38053.99684804698,11,8798.492492189738,253,21.92531310814947,3.2138871048393995,5001.088191327935
56806.121906002976,10,57392.98709939449,373,38.032687805324386,3.281147754925562,6949.156333487937
59203.92514089517,7,55078.69650505281,195,29.57977010692744,1.8404287716494072,4843.74015583085
26636.900997297435,1,149326.5931149343,313,29.821004512702753,3.969085569009147,5326.142819956654
97262.61649881027,14,67506.50032844869,393,23.87311652192525,1.1007963792842785,9988.817464627591
79761.95410250031,8,50701.86287135786,308,16.299733799442688,2.4193274221726506,8063.184901888293
94554.90474077703,3,87490.77600078452,187,15.793594134324715,4.120850594142534,8001.977673637949
90534.4615384884,12,14226.341722057501,363,25.583378603829935,3.2555716842216094,8973.442816056
63810.99809299767,12,144288.19465726716,256,17.114134452430946,2.044649730043441,7881.265235777138
92968.68115208052,13,95609.04679306394,255,30.17117388850348,3.779812477372191,8704.659664569073
17964.325184672754,2,113470.83517118632,238,37.02432514099144,3.2695637766242935,3410.8840389663437
27638.457617723067,3,26401.212787913715,220,37.07287041296806,4.184974437825549,2971.068699347385
14070.456001948427,5,62012.20009777538,164,31.47613525330581,3.9401007447592935,2583.8182957133076
39279.72976869379,11,63980.67789603224,206,20.280795786823276,3.4404316881449386,5381.763724984851
44980.95607205338,8,123449.16014126193,246,36.574920783971805,2.952710701243256,5301.713455779754
34421.412859650634,10,1184.2652841520069,236,37.1523358828302,1.5327285026700936,3546.591549041724
84586.37582367365,7,45827.113144635005,261,19.916339623823966,2.045332071541535,7385.932171281836
42107.799402423036,7,147204.21977730127,199,33.43565214426693,2.676397891668341,4963.639748883329
35284.10587186427,12,71758.09498242657,240,22.162988723178074,3.3971971480255547,5693.497523391419
58842.64748424236,7,57996.41575635723,182,35.066007808823244,3.0548314208612193,4971.349699975869
22683.18024772864,8,18854.521300629305,276,39.93094749759007,2.152738103838118,3339.4079191673336
82197.72826786357,1,146150.52966557432,297,15.75065013323482,1.0258574311588422,8026.623872098053
16709.557931179374,4,3983.927032947846,211,37.43414664477329,2.9849568876032557,2169.7454273456187
98819.82429404656,13,110839.85352607923,155,30.565763339966452,2.1425039542489723,7867.624409862261
79502.02923669916,6,115521.37091348776,278,39.33456547912053,3.9384332028421403,7362.013894554206
27884.411338075515,9,37304.85069351613,285,26.62523793816069,1.095785061081934,4322.702964103814
10496.990541124216,13,101062.20809834255,317,36.18469826428434,3.3393112452231635,4891.75902042117
83391.52856093507,2,14846.4425125291,316,16.55985171495693,4.765896950024262,7922.775722511598
73617.16094628554,1,39300.0426983799,219,23.381976251957393,1.697637068445998,5474.624169528233
75610.64512368885,13,118397.39625554749,274,16.67541344378025,2.8865979630023815,8957.849073064623
79414.33120173511,10,129838.24261299749,122,39.38357833697677,1.3656879672685527,5740.494569423065
16664.018656068132,12,91664.4754863089,312,35.42434768179592,3.5027276490454105,5002.4145347197955
42261.915568984536,14,76518.9263412519,334,36.31368553114926,3.2021267223849024,6375.77755018063
20428.215357261673,2,24736.299072228067,112,38.44913078584736,2.6294620968513294,1214.5367222552886
87679.30832880341,7,10403.245928793374,200,17.127587152994636,3.085508085894965,6774.497965993837
66096.83141448021,3,18529.705242560234,123,24.639939812833333,4.586298633876041,4650.797179401483
39780.82223673843,10,34876.23771431872,110,16.775872226100052,1.7851772092442681,3846.8331994891037
15720.251525742127,2,51909.500782641204,372,20.269827538750715,1.090258046821389,4443.20165132949
37988.4089544096,14,57755.519301137094,380,20.734144425941807,4.446659538796403,7629.045064744932
39266.49898240723,11,52601.94351976153,193,26.727680276189467,3.308468329551626,4909.254655130283
75664.55605042576,7,36619.244497392574,300,21.714054186341066,4.56263382184737,7439.078366461745
67380.17242196918,13,76948.91276600302,120,17.524452670444028,3.3877808936526903,6644.038259259614
89849.1468318694,13,123967.63012670162,310,19.187277227352695,4.24064435983881,10050.426647522701
52499.34326457544,2,42675.827232250405,239,18.681889088802272,2.7186934534205918,5173.719757745981
20763.482134447153,3,141415.66584623273,392,39.326919947807454,3.999439725153075,5521.585504724021
74192.03085006955,11,131127.16259685333,397,33.98231267296184,4.6521658675594235,9339.809690586073
78470.65437552077,7,25102.86749146433,200,39.19403663173905,3.288491854888825,5505.873061386338
60514.94778125466,14,118155.11755680708,127,25.993512162697712,1.7231406022495181,5942.04274368003
79387.04619591049,4,86613.51996534722,140,21.959212041566417,2.0751904601207927,5891.817770632803
54441.603672795165,13,85419.72896354136,245,34.95732993022966,1.7945783075896231,5896.890439012612
57045.95464437947,14,59265.37169566799,355,23.15634795102867,1.9874281103829317,7565.991760125296
48478.69165226947,1,75671.79687811945,326,22.484584342633706,2.2256617974041455,5718.288564769847
12287.721406968567,13,60179.63783695245,335,20.81264980519578,3.220535147012754,5484.240634882253
19710.2284293974,14,81420.16019523148,112,18.241974455605884,3.351966517855331,4136.53754786459
12828.626711806082,5,94564.55786312274,309,21.41157652541915,2.7059989889674445,4699.1862453517
67276.93701374024,12,101471.26715494822,328,23.88299371184719,3.4616831192833417,8438.738985764327
38292.0382968694,9,80339.6976913545,199,31.84985520364326,1.3262997024454637,4313.200093065432
55771.36220482325,8,108491.88803198103,130,16.56412105548629,1.3511529482326399,5362.238977611496
91680.98265334837,12,22050.429342050364,115,20.262673491633574,1.6873178414306338,6562.84970623549
32436.300623398743,9,32585.391144433543,236,35.22559100729191,3.072309992161379,3925.0996366977597
46934.46307320667,10,122991.51560706625,265,18.673048089594268,1.8559787147932543,6574.114509958686
77999.60246887438,14,49056.668699115864,199,23.56612866306304,2.1331376139703093,6932.447892933463
30591.83489424602,9,4411.179921441917,208,36.61647304645351,2.6012513446919763,3351.1357664563716
16928.191884591368,7,23914.881300536632,272,18.873132778586065,4.24746449604152,4505.673518927943
36077.63076223912,4,34318.55073995038,336,17.068420890454746,1.0554485436514405,5313.46623342351
24509.9158528604,5,143641.11029629348,261,27.11344987700027,3.5975152809464896,5242.9304444664185
93672.78871083158,1,86383.17291069655,315,22.56048778196341,3.6755061241627414,8316.619722141722
82730.83416079753,14,139976.88033096195,363,29.08520911209635,4.194623121426546,9985.834192016087
67006.33808593811,1,86699.33922399711,362,35.095122262086875,4.731011756241253,7116.239091842468
88431.4531168946,3,72423.81158053991,391,18.428712203818577,1.0805513957971593,8735.173651007122
82330.4869209203,13,47745.42598792031,373,29.517477113857126,1.6151348220528647,8459.609291387716
26791.305299743224,14,91349.27072057297,102,27.637719009746597,4.544685176223972,4161.614768109348
90330.309864098,8,21740.505668011945,127,18.60196965032999,2.8340742487480615,6494.727768974231
58540.801772408566,14,134840.9824666132,248,30.599962138224562,3.258362555733854,7364.741234241225
82669.61396476562,2,124570.52836605127,127,21.84101044651929,3.6521088148925895,6420.722703066668
90648.21699311439,4,48312.18573363382,164,27.19585796360031,3.7162664179825495,6432.885525273316
38620.312747467746,2,142966.83161259285,120,17.056808106926546,4.726961613266033,4747.39180744203
19904.67320749091,14,123954.91434491966,351,26.489601430340578,4.987797669646678,6568.056164486756
30514.16462877475,5,100279.72598942091,334,22.661586701070508,3.880629843723761,6031.598088165547
48439.70097636307,9,19142.524757665942,326,35.55953027963386,2.1488848368206033,5486.101285402704
83621.32893302439,1,72256.86943416277,112,16.42446817493421,4.519009609177374,6232.420334990285
87465.7524930709,5,76410.02567216588,148,25.465181872958247,1.1968836581630464,5888.549347584464
10625.691747807163,14,35650.152396441634,217,26.46078560328595,1.9243234114979848,3484.5265704824274
55967.25723198092,9,12914.84375953599,153,33.12515190747797,4.58954286985486,4397.327501786371
47566.99028339011,1,116731.82094028221,237,29.357189377255274,2.02476605775742,5089.731577026466
29989.702942365722,9,19183.22276653486,152,31.680308429854527,1.8826042384869939,2795.2173427764997
20787.883060031454,8,89549.32183370444,143,34.4262321412939,1.552501172560989,2879.616359732109
40385.36542632652,4,140530.92690866542,152,36.55507434145472,4.436447030587666,4498.700193816192
94861.87335212673,12,131539.67369710834,173,22.846887418061762,3.000233036764347,8356.133605773595
39088.26388186797,11,42385.14093863991,145,28.450567634097574,3.699572812216619,4132.372289091469
56691.15595690295,10,127865.84699513853,112,36.00270196098,1.9562655363001187,4859.371298646191
73271.706300566,5,1049.5434119529216,264,39.73627827412641,4.0321616840448655,5549.266768532174
42726.66421413646,13,3635.483632375326,201,37.23798277609408,4.040022179848394,4439.041808411373
97460.38744488647,5,90780.42141258687,379,24.28668156560942,2.2503920996332005,9258.285168935668
96620.25654479001,11,55354.934652534896,357,19.87916293046626,2.6427305320411314,9411.0342922032
32660.406624282776,12,58582.665332712924,237,27.234813435164718,1.8387611097208034,4571.811732814747
54752.36553031469,6,85101.7225111535,262,33.54103629590105,4.906244093291617,6135.500930339999
37079.047883509265,7,29575.585883187225,210,27.31422676883244,3.5824103082336465,4244.32320157938
35635.64449397208,8,32551.547249156272,201,27.079521582841714,4.738175522862062,4455.64774092908
13319.825261907952,14,73205.63646581084,116,35.955760527045015,2.2135421745165327,2672.554420213941
64860.790058190716,8,113383.7781072356,367,24.03509447667966,4.127563651987559,8587.979518208665
55241.11209059753,11,93305.16495973057,281,36.49486687029114,4.0634345755389685,6565.796353584238
14633.087612499043,14,45305.90218728899,123,25.17012002379309,3.766622607466166,3275.472052110434
35078.18178129503,13,65120.239448829256,128,23.205827641958486,4.862555901067202,4847.345584979948
91743.92973699883,2,26429.049023949763,270,26.349747779992477,2.574221344425262,6813.150300004911
31560.570160027517,9,12119.842336225176,327,34.061173966871706,1.5228692943590292,4493.057397366619
23040.538488210077,7,117621.71007087824,287,18.150050696599855,3.686835436976243,5783.297174866759
54050.74842498067,4,40542.72396904099,329,19.910480396800434,3.9172392019088247,6653.911502322951
98708.54086995406,4,27487.191789835982,218,38.7861206415773,3.3002422938352587,6317.366117834004
31784.974436035038,11,104051.09027982858,255,19.387290684533934,1.827271572533585,5599.713877899165
70492.19926652906,8,93089.69946879071,371,29.193182948276366,3.0178237666774215,8021.58623865368
78545.76537958458,4,95345.25427600615,274,29.482861666548445,2.2487589462765176,7006.338213108093
31387.37895931597,13,35105.29612214543,203,27.24061155125612,2.7098661126667563,4478.439012134597
75539.47137506737,6,35664.18524583947,191,31.118631214420464,3.5808743033786556,5953.52976191107
43100.48194473279,5,33899.59183806023,285,20.74566814494046,3.980858970763338,5553.4118544860785
66907.52475342216,3,26889.13675368188,382,28.816556694418708,1.9288987636053725,6629.462273377145
67017.67396848052,13,98702.82721168679,280,24.304331381172428,2.6213014425878134,7861.92289188771
58219.721566728265,14,127354.36690216081,269,31.541681490729726,2.0766462839665167,7142.432623467869
18126.079304896746,10,108923.30298182252,286,18.530588584328736,1.7945264554474765,5414.678008054919
85177.22460303141,11,119021.95143032094,274,29.271935420986907,4.133548879983353,8681.066549703088
38870.20584745622,2,61314.96593369477,321,19.631758884583093,4.637010777747969,5796.762501158871
26786.66593598688,9,98457.29351042771,332,21.96607657787591,2.480928742738307,5808.475316079705
13669.762739928752,10,53781.199826271404,261,20.46774500808958,4.005115697495068,4453.784799447793
63180.36488694177,9,79300.18867332736,233,19.57094449672043,4.587981157457644,7187.2743212117175
70980.79256580542,1,72763.59213369449,323,35.64277378901667,4.384496842120926,6820.295910909268
11492.904603507053,10,27356.184626434304,252,22.14268919152226,1.7312535541569036,3792.259541833602
56088.37524693529,3,58674.73529000899,132,38.178094546611234,4.825167526053445,4151.605426359307
30384.619767814416,8,144609.5190468703,154,39.248163133629774,2.50670576171785,3960.5430322750035
68065.5511368505,6,38038.45839952637,106,29.281511748427434,2.3569626446953453,4392.977449090117
25692.97861044923,5,20936.75670564382,343,18.57502806664316,1.2497253091111213,4629.5685743945805
72184.39642922193,5,63368.51262196636,225,24.363706084489532,2.944694616419532,6448.666499981945
44806.181167048366,6,118760.32264316207,111,34.94330658370535,1.4360544625637148,3719.725923335455
94305.6989863061,7,87740.08623721587,115,24.18476821742676,1.994159283709704,6643.0236949921555
22376.884973139393,1,102465.24925849844,307,17.175430457569718,2.2677704870691255,4947.016463840592
40695.97159452327,9,29264.532378026903,142,28.9196227732047,4.235305293966736,4080.842371885365
20212.616911653015,3,93223.2807581505,234,36.12802128740087,4.501954601583586,3805.2351950961856
93222.42564507065,4,49201.55884180959,327,34.89815967858756,2.2098652698458787,7649.700499193121
88960.5418042883,10,125311.20152726036,210,19.37807850325883,4.434792484978296,8773.61571255377
33214.74649436401,1,94765.52209559969,259,31.819115360311667,4.428923749479164,4677.801814810739
69398.56414307612,13,30629.58538851909,363,20.512606585891177,4.058603801539494,8543.720747294816
83549.99801810943,11,10627.885296768836,324,20.455188363804304,1.5867804560607262,7872.258453691628
59968.07304395161,10,7352.348183767877,316,36.85179433262963,3.761291387602916,6217.252162415675
57668.552052040584,3,56339.87657987097,144,21.241723818505754,4.780096258322275,4941.3099222539795
31766.706181040652,2,40611.81936149271,313,21.58118366295028,3.7301619150686283,5096.81585776276
18379.24910253093,2,97267.4283959137,158,15.01633476903249,2.326467396431336,3266.6611859437226
90749.41821579941,14,75400.74141181412,231,36.76672585313794,3.002317269723325,7792.185814875354
91037.62514469973,1,40636.87242280173,203,34.814870330228366,3.5829001734042145,5979.571103789813
66979.13115459411,8,23236.42891457624,294,30.68322337726695,3.0422816349140143,6450.954903302366
40512.68119438306,3,19952.76464042999,256,33.75664409847106,1.4798117669238793,3689.8993319918845
41428.86171513948,3,129834.39842892223,197,18.801214185612295,2.2482561786080826,4989.902000670864
75336.01109832154,6,37278.21729232522,325,26.458089864689384,4.20958412221453,7550.665022149614
90739.92339573194,13,98104.88653873428,304,23.78048468371952,4.44567218438207,9500.363160181108
89837.77818386056,8,121792.20326995368,178,17.34441315642541,1.549200130862281,7820.544982325087
80188.79912718615,13,92498.11536652567,223,27.1532621303731,4.8095470095948984,8068.79997429833
67782.84815388589,9,129075.21951539491,317,38.01849125856589,2.3152904713944373,7351.570232737641
17572.596849554393,9,59466.6645077427,103,16.001477976267363,3.64925495492288,3237.3166842248334
24546.58426851524,4,143477.1064066933,189,22.286522837344847,4.007300583826725,4580.301029248061
90869.87696743713,14,20838.605622536445,203,20.188523405142586,4.247784938551534,7976.146858440291
64578.61536936309,5,16220.279918973176,218,20.953666341642407,4.78299880890372,6065.720260380766
10827.734645496668,2,99145.12978490909,232,37.710863796984384,2.2516781921152904,2785.3681874783124
19132.43885794289,11,141481.840070576,195,26.701726355857254,4.4340258182062176,4892.6420142769975
69715.15921972503,9,121523.63578381289,242,26.65748532349547,1.5267476137448281,7101.15438986434
10455.542546159682,8,12386.112056269663,387,34.01439106138206,3.820163625414371,4162.983678111883
24472.724627574877,3,42625.78937627274,127,18.862305100123145,3.9679109180559435,2950.9421136372735
59386.04104299275,11,139617.51384083572,377,27.18163385250127,3.7108929648052817,8522.69624527531
72270.5677923424,12,38705.7064873169,332,25.749630353026493,2.009258944540612,7499.704856803016
68676.51335523406,13,117394.39314425096,116,29.9227672636664,4.492172588060813,6311.706914654296
30184.23785145038,9,123944.69719337687,158,39.988942581260964,1.67543385348158,3605.598397353335
74096.12992127822,3,74822.36341568628,189,34.23622235205117,1.2145391660833234,5152.720076062094
31352.417874712006,9,58565.98756739901,298,24.946642575435682,3.8698599624476486,5597.861172887846
39285.9728343341,2,68068.54043054419,125,35.68882630685117,2.9019028609309347,2959.970571477926
77184.22646062217,12,34817.73946043926,124,19.267709082812004,4.396392079834705,6589.8433787790955
68466.96091424933,10,133519.2465031978,366,15.761592157724003,2.533588564233036,9202.954933319887
86430.106944476,9,68142.32885273393,280,20.111209311606828,1.6731143540308513,8025.037812352743
69185.1603070309,8,132486.45662795886,167,23.51028890285649,4.345768769879479,6829.062551633631
61147.77430019245,9,16748.32850603484,148,27.764518936488997,3.1956385265602867,4961.5551766396575
18430.729104528324,5,148253.01537901958,274,30.378228513529997,1.7567831695614196,4417.600603974283
43094.42227534902,11,67047.69002909912,151,37.76514293036054,3.881535994345783,4229.688436533328
33868.21309135529,11,8126.792238721715,201,27.746350238761444,3.044454553958002,4088.4601882280713
31959.06790411752,2,6665.255387380782,315,27.531891115643234,3.4172519289612793,4230.180687160127
97570.9499277201,8,112184.88136479395,287,16.256075245574554,2.8435933528263275,9384.56818012154
45378.79522000844,12,99196.29459634844,156,15.872788816405595,4.314835935272026,6124.635845354379
90284.1899659402,6,120517.45316101053,146,28.778999047909302,4.318250862732199,7238.918423982703
66802.47633975366,8,16699.76255896809,258,25.954465331208613,3.837555287297545,6267.12622683388
81533.01731874836,11,6300.059188296704,273,35.979509874507464,1.421605509585849,6406.226528717307
55237.33837946729,5,76778.3141276892,341,19.016989617796128,4.355415447616275,7467.316969360729
61921.34961637232,10,58751.68949093266,381,15.62429155292624,3.6840519221316392,8498.820194281354
54326.59244369775,2,69830.0935639724,340,26.225969198253146,3.788096664017198,6668.457934650248
27571.868901824004,6,148746.67292167083,104,20.936963918806438,2.4519313616154865,4067.611068064837
75020.69037353547,5,145641.74369292986,183,16.240359333470938,4.517118224628026,7743.286940714124
35269.51261967702,12,141404.99306130572,347,33.114957171190724,3.90148640093943,6833.288128179678
12188.436978830845,13,117792.5588383834,153,17.789824998931188,1.4503618661167779,4094.314595765514
68092.50663164511,12,53871.362678276666,260,30.207987500194292,2.6311121376246507,6753.851330710547
25939.961146634407,5,62407.50860915297,325,22.026243754172228,4.545521447840567,5423.767064928927
94641.27259176229,13,82892.79051411974,114,19.337401258875552,1.188786806789516,7288.680367196691
95853.57193023287,1,124749.63400432115,323,24.493788072982937,4.845666478568198,9209.139982080496
92337.79511984036,2,11238.212045221897,160,35.03614440557384,3.716650273278251,5570.8778699216155
43314.28302299,8,64220.23599684833,221,24.802339422614317,3.5255039105735064,5195.052941967763
11391.095487598068,13,13310.031855431034,376,33.76924123027639,2.0822370259519656,4564.886327970049
93548.67063289529,14,77683.98039945323,145,18.137157419978767,1.9951671549567083,7732.690141424104
48536.57334855829,13,134936.22277692906,393,34.31928549162698,4.768232877954382,8265.54150810316
96998.93371393027,3,117590.25376002675,161,20.923333122666214,2.193089816936491,7297.9655238030555
96725.79793803276,10,34948.52021392339,185,31.93482824722182,4.102021186875998,7237.551298881418
86770.8509920624,3,146422.63659022006,309,29.144538871024906,2.5724871928283166,8326.66370802379
36500.40028626271,8,100435.20930891782,177,38.22861793029219,1.557016283138816,3695.3250955338785
44658.79557417327,8,2553.7272102130573,301,24.68306294938285,1.0428611907814358,5237.415648925632
86602.30043651712,2,39056.60921809771,322,16.65412972086101,3.1770293480610032,7761.271890646533
38522.98046406499,8,39846.28168806757,321,15.478887138781323,4.903115274195731,6481.523769658519
25254.347201748322,11,11318.89163659313,102,35.67146402431882,2.476544775236818,2244.6632192789443
60112.11362125151,13,144014.15119331342,105,28.118390941535804,2.4287693359721794,5934.0129297568865
94253.92967447029,13,72260.03889181264,192,34.381101295873734,2.3763664713977684,7401.467530070337
72642.68170074758,1,134476.37500841042,107,20.860640000287866,3.0821753492194337,5714.561834650823
61305.50530804285,6,49010.11001324962,334,23.627093637830843,2.762659533697174,6907.6085989152925
18745.88443936917,8,19659.80199449124,207,15.752596805282973,4.519658506908058,4097.087155285066
65350.650402925276,3,71676.08037602587,260,39.037308114352804,3.022083166893961,5676.162677361165
99104.8465093837,8,17979.538572433255,308,31.696697667520336,3.031031352754275,8120.344009791518
22607.561371287164,12,73416.30994365345,339,38.330127193982655,1.5534863788822264,4936.014519178769
56649.668712736304,1,138124.28000169175,149,21.637410185726807,4.930958163641543,5611.43168675866
88963.57647351599,11,78594.45313329769,110,30.28659028064152,1.9998915634753187,6311.833311231193
76669.1755978784,11,92858.45930736743,255,31.962499207315947,1.2934562698384107,7042.56307169741
72731.41668957411,9,24339.127109097437,169,22.93874250643971,3.652584995900835,5952.981841858915
73223.56755883983,13,7516.6082561154535,268,36.202730875390756,3.3814654806274906,6618.517431253682
42354.203609777964,11,17510.386364791248,371,38.67903657250619,2.660582615970983,5647.214162927716
36423.265983804406,13,90181.20477697048,167,37.12137794240011,2.6887689355227122,4440.2006199294865
82842.50399306623,9,15156.743149853395,351,33.47667439848431,4.140255684185725,7750.890891775341
82910.20552112626,5,57022.9406012554,147,21.93661699312385,1.7828505603985962,6117.383005776576
88036.50867220933,10,82963.69912826525,283,22.040401052640792,4.281013275779559,8726.011761557784
92191.64973008241,4,58909.26699584721,286,39.08400801115095,3.5949884555800726,7245.402680741103
56020.815897484405,11,25388.88641832992,189,15.257112398392302,2.6758790951180975,5896.43578920033
55136.466521847964,6,41794.90481960187,238,32.90124933105361,2.8321144663354745,5019.06875798282
81846.56610700977,12,139319.31239443796,188,32.65615406388156,2.026588828744383,7423.278356192964
68496.75376999886,7,101721.35906236694,373,30.567238523744937,4.008457330787899,8022.462459313904
73177.0189531933,5,74911.1279633031,118,39.752721152171645,3.051498969221071,4855.837733446583
81621.3402492491,11,2894.518608047134,253,22.79698589409313,2.2834181709993744,7058.261464534721
90100.48076358097,13,148869.89467293106,359,23.499296594831204,3.384200463043801,10325.95710697867
40419.56411663823,10,101046.78529930185,207,16.973485073663888,4.982937808205293,6219.44118954005
43802.46573759496,9,48221.44912439679,384,26.06995341359344,2.7410491186262154,6737.941858108559
18458.37458567821,3,132011.03033967788,158,21.526213155871204,4.682765603114478,3924.825966324981
62045.21268965566,7,39506.311423480896,224,23.584667554441104,2.3800673596982644,5659.168073992912
13234.804641706787,10,82058.47029823,372,35.86429475639069,1.2189308276999435,4630.742703029719
51903.82163192141,10,95774.54379574394,206,38.38711283818739,1.8169684254737155,4939.278351461887
58838.01712368189,11,33938.44234660554,398,19.643326800129643,2.674780573310737,8096.129445099997
35788.712691545596,5,146781.1945412888,344,24.312723288836647,1.878539714378276,6300.679899302519
63174.99345121097,14,112480.59399087064,346,38.21576405288485,1.0009081528730221,7516.110719017658
12745.02249451445,7,84114.17060114942,107,16.545211517230566,4.6600061509901085,3374.080493438488
13361.336987429298,2,27908.595128119832,240,17.309013202784463,4.3755176449237165,3458.3522644499867
84034.05045936925,4,9024.872842705892,107,19.069774730155736,3.9691689259477885,5601.70082915602
42417.15772701366,2,48688.915045626534,193,29.880320853171867,1.6712583825841145,3656.3829485962524
21435.44613866963,14,113224.91305109701,138,18.761806775149935,1.4814543048399442,4323.395826146312
57001.893404932394,13,41130.363447001735,180,39.20190953626834,1.2704189978895326,4774.69792206623
79299.41977887497,13,81393.87685383027,286,26.16786318146301,3.896116755091685,8511.891488705425
29423.892474715885,12,109464.12933288074,183,27.53794900875416,4.715231842751541,5253.876320643035
66060.14282371002,7,17083.613482323188,187,21.166465395135162,2.722143283652148,5483.982985755105
17681.27184943912,2,103109.40440126513,341,26.774006310868337,1.4765626879841927,4373.78561375988
14651.354905174692,13,14688.762268796661,192,31.547840815925287,3.0495712829284263,3070.6188231998426
57821.91684113332,14,144804.33157692247,185,33.77942842385107,2.3953276298345205,6398.857356666913
58657.160944909585,11,73770.725379676,143,33.84670206774783,2.499299697399991,5062.668808488082
67368.69113483859,1,23450.74004877173,236,29.44727781735221,3.485322496622829,5070.485425210558
75348.22003503953,9,52015.16176899843,173,37.60899437484643,3.8748724530488095,5811.276071148225
97826.68715162811,1,62599.05094499396,135,35.43519618265273,1.4424143954926434,5499.8568595295565
56467.03134710758,8,113969.56665040407,200,33.92620286746563,1.1423609232259055,5267.454849499764
39066.08256471214,2,111770.14412541478,255,16.390138042011515,4.9773212107428595,6126.090293439339
81566.75752918333,12,92179.13529526233,354,15.171949055491233,1.9309133956622073,9409.892463194758
34374.90261358668,8,16783.67617121545,270,20.311181929886825,1.2153220996338363,4745.106406632004
49507.42786350725,13,23583.836366563362,315,31.588089847836308,1.75950131638368,5912.109475690893
17061.074320803935,3,14969.781176187938,269,25.279937222063644,1.1558313853938569,3053.6686930283577
12281.566907391176,6,86998.74470984496,351,25.060156482482792,2.5672435784686867,5018.013323490359
96638.35732101326,3,131693.6277851992,154,37.11467220574035,4.209607137805297,7106.211306103964
85238.21084609852,14,65636.276325961,190,37.38907120329597,2.3649777990308825,6712.601145863042
72637.67854843283,7,24966.377919704184,377,37.72938160133964,2.776733627513466,6995.0577443001575
46805.76499728429,10,84148.30644719608,200,22.84695191287568,3.702347094269755,5745.376667001362
25596.488806376117,9,121951.08031299077,254,32.27639531848155,3.0355762802795208,4981.556187088172
24079.333840397747,2,111515.09716542657,240,21.79082953185924,4.445782744085297,4787.368091399703
32521.86083481358,12,132336.1661715782,272,19.765245826861246,4.464142700183026,6690.13168474743
59430.39982355084,12,42407.412490081304,109,19.61581143368423,1.0396427819646146,4919.515952178761
74313.63304300561,14,29899.126222898452,327,23.552690521589852,4.112185225932796,8127.482700270718
69417.7639045958,5,132092.65640534888,364,25.748940494495542,2.8429344009666955,8357.14911533203
35194.05072513486,13,98976.48660392544,347,35.77372927637671,4.955362165214652,6670.615947452423
95937.87525968747,6,47328.41057112557,346,17.997277336817803,2.9329283035017406,9022.486056539537
76410.72250261916,4,111609.85953530387,254,33.373146184872354,4.94758378155319,7166.529196152212
59891.86472602606,4,122452.63928757481,133,28.286372854732633,4.018277444822946,5453.059232906351
65054.8671610917,4,92631.75781082873,228,22.19863356689981,1.9944195384532253,5864.262521368789
47764.00561850109,2,103494.73237210735,259,27.320489613320614,3.1535799171478307,5476.178073177073
32295.78905510417,4,56913.725761957285,188,22.498551744425566,4.968542557914331,4322.125758986599
42037.54107861355,11,81265.65443411282,192,29.90204888095765,4.430122431007694,5280.092001666294
78206.14994179322,1,79099.71643819817,340,25.846098071381107,1.3894675751648844,7359.515927499129
11295.413976678028,12,127359.12087848502,216,19.11013822697197,3.8254879872399843,4919.219647832572
20446.537645622462,6,126154.6330620452,193,17.914576863892417,2.382318343483252,4471.787656127171
14140.237781957749,1,125069.38993270944,262,28.667392051803255,1.0279290475213925,3485.547274209706
13665.592208707312,10,2643.7105251074036,198,37.560325832152586,2.6139238761079984,2460.637124553962
86991.45256099066,6,112682.27718586435,212,23.59894216394214,1.9390176868998852,7337.5329206132965
73329.20734420212,1,114042.78212653972,190,33.325002680565575,4.275477082081887,5922.436580951226
52675.64461785927,6,102078.44460541614,305,31.466533873494175,2.349322435383062,6310.711461096767
18805.074458590134,10,113683.43402582644,116,38.288872857737026,4.310094775815268,3227.1955062969855
54245.428760514915,8,126453.5853530096,373,35.52452543247853,1.0023917553391812,6776.565636332076
52612.45937025091,11,71077.53906116606,272,29.165131472636574,2.2312766001044766,6095.4666040669445
25588.168291901366,2,75805.48180977862,215,31.425762455852684,1.9646608572310478,3247.745546731236
49046.648431417576,2,19582.39447979718,280,37.45966166460087,1.934269444274444,4245.803594148354
45865.42609576361,14,58421.00657405691,190,24.987969614673368,1.2727464790618508,5114.709120288157
65426.508824699486,13,96861.41180685586,181,23.169867646444434,1.748497081642007,6249.719994328019
67158.42857808794,12,117279.56664594391,213,15.270277090879908,3.2221982795424795,7793.965215302041
14077.360879484007,4,33364.15555599037,356,35.663776854786605,2.165444291350978,3525.377546070572
43715.13531638241,11,21535.611974726075,157,35.024517510084124,2.669579129316592,3652.068956113252
66327.39241428128,3,99793.25867057334,253,17.611362952503786,2.507467521388754,6481.994971573944
55282.26327220789,4,1280.1026452116855,215,29.421434528317505,4.503619699999579,4837.964489666326
87084.085706949,13,27577.515061792146,365,26.599542454172184,4.621195996042061,9187.10325750567
69282.42684570505,12,5331.635671249106,302,17.967727387727788,2.97182788662344,7410.851268864817
24664.09843732867,7,25865.88256037577,140,39.51420567651809,2.3206238012624176,2219.1806601930466
16351.187266038687,13,28016.57270890028,204,20.367397186583887,1.4272028160094545,3768.528262565941
67817.73503856841,11,58763.36561780873,292,16.68085450226403,4.81361151752838,8288.829990771175
12386.017948745963,1,60946.74157829684,377,29.87118448754774,1.2409077796011898,3714.1170975464174
62719.8023146117,6,131265.10812092543,336,33.47166692832582,2.1906011102731218,7169.723010182777
94620.72172824618,3,77006.34716232495,320,15.811086151179675,2.1922648046800166,8487.326873917778
61792.676008829105,11,108787.31007623066,167,31.467940968175554,2.2816051445608596,5807.492648521609
44935.29335858697,10,16516.46633012283,296,28.307296898786362,1.657147373089637,5263.1323755325175
67895.93965981179,7,34590.37456409039,355,17.58162522187621,4.132645723694789,8000.809976002949
51242.7601442365,10,105738.57270582284,238,19.313096923659053,1.4899914478639569,6336.423565774082
59105.511038434146,2,8867.790109810685,248,29.199357432902012,3.539626636612651,5034.251622525236
94731.83278988727,14,73503.05167431921,198,22.40894033783221,1.4953841068232698,8100.595974024489
44749.23740206968,2,90305.97588377714,175,38.4578932162829,1.2821425503718262,3639.54834593979
96507.15074415228,13,90719.70096381968,381,35.46850573710127,4.6377180147435055,9965.143197410836
91481.55777604574,4,4416.988878938262,208,39.58918016284157,1.7605150652748227,5376.789512437917
27621.20213103668,1,48994.09263014864,287,21.49177097376035,4.285000618238817,4648.020969344708
16242.517078764891,3,95837.10700632395,298,39.24309081994943,3.1785234844285433,3643.819077175767
19070.0201239684,13,23200.960686237275,253,25.780846744788946,1.3114260784350784,4136.949568352015
11639.964308639475,9,104616.93160087994,139,23.687969882843866,4.82179276575227,3669.8057865545106
18499.866468033557,7,112142.8561132375,232,16.25873817423383,1.98784466796757,4594.496272628476
71470.60960747211,7,147313.40937647564,231,16.319131446490065,4.438581381410426,8081.292705980832
16406.97836142061,13,32266.457233605004,378,32.30028139866637,1.6752400231382567,5014.889167448577
38707.80672643852,13,123944.46948225117,183,26.448224860850697,4.4157715285674115,5849.803395492237
86038.77798725091,11,78524.18996087945,341,20.663040650902644,1.052915251621176,8710.445134737407
12094.474216224327,4,56645.92682548184,215,30.349257658130817,3.0471218262779227,2979.6796531774316
83302.16343300421,2,19234.136841451513,208,21.321452956252777,4.077770317686227,6301.313971723158
35366.929729605996,14,110590.3353666431,320,29.440793858610565,4.739182069971133,6953.603168613729
20634.83448594906,4,36142.78227240938,140,23.980218674567258,4.636808544825948,2986.7509374193974
72706.34488277356,6,56341.878279083816,246,35.588805665295475,4.27849947819058,6171.86212826115
66604.85621018955,11,10318.791807707898,211,35.51740401916948,4.552765398645216,5826.139657497719
88972.48121743476,11,120403.67045710834,202,26.933759953060033,1.796878743348306,7679.837748911437
76156.39394234972,3,115221.69007177486,145,23.77047773337539,2.136737182846915,6031.138425819248
82313.28373463637,1,110308.75867630455,370,24.063994913977364,2.155874099684234,8150.461746540944
35383.111531417584,14,45617.08306329112,294,35.14286314170545,2.5082157240067953,5379.103298104763
25969.558940175055,12,26848.53106562763,379,23.2044870699403,2.573282681540755,6021.978747105636
77555.32764767724,8,95995.43640606424,382,20.22648434267115,3.178221298618702,9168.184441597969
82615.12653405376,12,74928.7912328697,139,17.117208546882672,1.6395190534657655,6967.219287204214
99145.4627800606,13,27559.617568791597,288,26.667328022110212,3.7649866551439573,8809.370150321258
47135.59092202839,5,103200.7793864297,263,27.053302472996045,1.670266157218026,5442.533490126035
43481.62772135049,5,148677.83834137424,123,36.02271776007268,2.24123392841819,4185.074136242981
79877.16646677972,11,112335.71857356362,123,20.5309674111516,3.013380522424616,6953.393720985201
40672.31862277161,4,111257.97161615615,103,24.52478184171,4.185762246093909,4083.4023970764238
93768.15930432083,6,142596.60018665815,389,35.210143472342274,3.957876932954909,9701.979073559774
87257.14766587106,3,31237.518768660426,280,35.59059026872434,3.582137425642089,6632.51686235371
48609.46246375165,9,85266.94477329461,347,24.615276899469205,1.6230930423206806,6651.990984664591
77578.39610123476,5,146967.36054004863,215,26.478100582167023,3.188181382462311,7167.964231629359
77908.85866762142,3,25628.822534556006,378,22.582147271232074,1.3497860071995418,7324.290012658883
19281.148195233935,11,105337.54195723362,168,38.3138719604828,2.509452707186603,3375.3582703575644
91229.761601161,1,88285.71174981339,353,17.966094143539507,2.6540661211598366,8731.162887377246
55472.713520307145,10,88385.38473611734,280,38.343735575036746,1.1592457577830153,5867.282520611246
84381.17194969674,12,104952.92350049119,268,32.09666129588358,2.0959523978798873,8015.635039638128
38804.46409275506,6,139512.92150847695,348,28.289303817168282,4.822597869065957,6946.319580721983
90597.09056465804,2,117604.70903784936,287,15.816476519612397,4.814530431318758,8928.164311256554
45028.15108607468,13,9364.279409015291,153,26.88990479555021,2.409308217010157,4363.432498909926
10975.388633226852,3,128056.47496148097,237,25.193702625068305,1.1724004357932962,3601.3861534742528
91484.37787773373,1,34605.65815893416,267,19.030470299378063,1.7163797573127262,7094.65933191799
18215.80091075202,9,57160.21054571942,202,31.410240087516424,2.5688711737341605,3298.741295944766
38738.22738313734,8,69798.18922824494,184,39.27877268420714,4.791118791876919,4169.891785495788
95505.57703457244,12,72654.99411220738,311,29.05472027661313,1.5647962541487397,8527.531503408565
95554.64322438005,2,65841.87948904815,102,32.868831911098646,4.0540633746728485,5890.149002693475
61609.409931095746,12,140665.6408381638,278,16.71126131415042,1.4347301574987683,7976.307723092614
66865.34909528194,11,106196.83214193967,137,25.441674895424867,4.925030309565107,6645.894445835937
50360.09697804878,8,95044.42624754924,338,17.908962129112396,2.52646599643654,7245.4282595744135
36388.96945282581,12,8426.462139658292,268,30.31989588841276,4.100938155596224,5228.599405325655
39579.809083292435,14,135683.08620879584,129,38.462053955353866,2.3703643312445273,4528.379635275311
70526.66104693346,9,136499.13860925104,289,31.544443311790964,3.510675508635235,7901.764298297403
77713.7076493912,1,117251.74645108524,124,16.92007620786054,1.768064338960147,5901.937614880461
81242.11393532637,13,2047.3513682292541,211,23.866655124627073,1.5840840771878502,6555.228193186895
81065.63285150984,5,9534.75741056588,305,28.766584486021287,4.752256558272525,7270.004334766368
18208.54927438213,8,34558.33163800497,284,25.080193903331306,4.670589111617733,4617.082519124537
54497.82742323233,11,20571.0618135911,146,35.841100261879305,4.5498757608515294,4644.21940430056
15180.288401497986,14,60426.56842585569,327,35.366775117749725,3.501733800666374,4973.415950784865
59457.5994091362,2,138470.83565508065,138,30.295775502580536,4.233072844865113,5265.62481267993
49737.745123603934,4,71337.00469535275,115,24.336448628317633,1.2761477476454997,4027.5016205339866
89893.37644824699,7,2996.991338392676,121,21.3834093440811,2.3391561675627166,5951.725166624382
41582.351129687086,3,43129.10774723554,312,17.646857955328233,2.254812499028625,5571.310925494574
20536.031478484525,13,7644.64134757127,248,23.87244208716385,3.542581287810453,4409.322056424176
22869.251384755225,12,6406.855769411822,340,25.329312930192987,2.423831093882562,5126.547419258409
78535.9568545725,5,42082.258111237286,371,31.89557312760184,1.5940271265747232,7333.446670414997
65639.6256984635,8,42066.23846316287,158,31.453995607439335,3.385868301654175,5189.738024791076
19101.040851051122,12,118281.863787639,386,16.752703491031426,4.257535682676326,7181.386209886048
17569.612550349768,10,146250.36326438567,301,24.881482885778944,2.5284939778398927,5604.517177674109
73087.2218313208,3,56309.85698960975,131,19.54447168043405,1.5290748603939268,4839.008475931415
16548.670572777417,4,64904.14495029475,261,18.920317632920142,1.7867527892512922,3918.869738275834
83967.40533613205,14,126873.6260066172,354,35.68255374343114,1.949933220677536,8964.117875825688
73561.80044408466,9,40952.7139942315,353,16.047880417906438,2.199590371978145,8314.408215475143
17321.390257770978,14,24300.888856113746,108,25.479571897553033,3.5711802820252365,3031.2702700582577
17635.394267667274,14,128110.35388714392,238,19.205091394162956,3.403781938150876,5544.478728223334
98797.56206510578,7,7928.587379569759,109,36.98325539196185,3.7843194462681566,5711.877081293715
43684.37161805083,1,93335.21658971295,313,28.92601283187588,2.4500079381260527,5286.659584324837
43357.79323602018,14,84736.93427255421,372,20.784515909421202,4.295990607519913,8002.57207213072
83151.96105317523,12,52542.14667775245,147,27.56068217915941,1.816350644623041,6367.350275836871
95252.37196454729,4,47963.23864350649,210,33.2871589925779,2.8761629900726158,6748.909596158885
98740.09574405837,4,116006.80120106158,252,38.95295022298585,4.203754886165721,7831.088086127929
77804.03667330474,9,13877.267003619427,222,20.511150106135474,1.720634590930477,6470.944726203567
43863.36269778242,6,36280.862087396425,201,37.15454430323363,1.4394524549631318,3459.6378520513667
17515.06450288019,9,110134.86104387538,340,38.357602854187256,4.534735870751959,5336.318345216264
79943.22243346932,12,82699.76697523722,290,37.91051361330166,2.3717186510367836,7554.863959012124
60256.382476222454,6,20070.243071504374,316,30.88535892154775,3.735480499636128,6225.930210478763
48179.98083222786,6,132438.20652802696,150,30.74551636086769,1.101394417055754,4516.546075395123
91571.89465852623,5,59623.72913797514,391,25.080265829595568,3.7601875536377984,9124.333532632723
20007.77340755362,5,124352.38792300376,180,33.8099470575947,2.264405246187882,3466.7301567964196
54336.25938617732,2,118369.2393136286,187,28.282350458773298,1.222963414349767,4772.47109667224
11021.828029067716,8,94039.39152428748,293,31.935951780707363,3.439251046192468,4326.402455270394
52179.45777947136,8,74677.68856296885,203,25.711447596219884,1.963215264292693,5184.207817732661
15067.294811365362,11,146953.07521688179,370,33.287411601078475,2.54722896820752,5781.144610164833
20693.612464126472,13,22599.795784592738,195,35.61178794011373,1.3223232491460544,3004.335163185106
20577.36220993944,1,109048.2034051161,297,18.660906415070404,1.5886530043797813,4684.42877934076
68428.92719044571,8,29487.41451825356,100,35.8232428893557,2.191908941983375,4137.912066208554
77144.0391338881,5,51401.20269451991,266,28.507413294757683,1.3590380022406285,6354.059266418633
62503.18885874437,2,46996.11276260609,225,36.11664772725561,4.643305058745261,5127.260671499113
96595.52936270877,14,142108.36217306973,180,25.782542658525365,1.0241881727359137,8313.094924402618
43738.35215713336,2,145136.070490453,350,24.476012134575875,2.9354408754572456,6731.0630266947355
35714.08776536747,14,28269.301190974347,268,37.87651831293056,1.4929898325302058,4403.443686519766
88173.92153705143,6,4283.238884328124,172,21.279231688710034,2.230716357911794,6281.804110509382
30123.62546675074,11,108281.19790980386,240,36.10530813215358,4.704238239273062,5158.033263869563
96690.02854965502,13,63280.500146702165,169,27.1005143127351,1.6467782130959474,7503.826704476021
11093.90272208347,9,14237.196518047092,361,27.852386063781495,4.86332927887333,4660.113794130848
97289.09440368752,1,102879.36173097933,344,22.7117070372371,1.8231775079576868,8729.182500278474
13884.39207555185,12,82220.72371084425,102,29.32605501547539,3.9662644338673183,3130.571437667179
90202.8802328264,6,147097.00647816478,162,23.130279906905283,3.186709059589247,7720.362100196143
57493.09981776699,9,34884.01488334546,148,15.981735356041307,4.537914910387037,5612.548501817168
99366.83165073703,8,61192.703572655686,175,21.7999651336089,3.2159730220125238,7708.419784945277
16641.6908261859,11,81839.32470591801,274,15.159476085164767,3.1382368766252347,5241.845740961844
59846.88559611887,6,118963.2982795494,208,39.458869676421415,1.7818320014735995,5220.1238535654675
97237.2282057189,3,82776.95985128875,282,39.143680245493684,1.664917448206635,7288.371796261008
57078.80597531339,8,92322.12396843043,291,24.878882436807626,4.665956604462057,7256.07893020908
66645.87743217363,9,34695.910686901174,164,33.20927135849115,2.3113527954001363,5022.578263887205
72617.38200861555,1,127190.89048519541,370,23.645152460260626,2.4883290198515837,7920.705528647735
50908.69582909959,12,64865.95149860089,199,31.7773289271494,4.039294633713554,5667.645558043648
66480.22720756571,9,22002.98450074362,131,35.135751076149475,2.3552939296912294,4470.250561286296
62588.28807307902,14,99963.99926130718,227,38.66890611730602,4.808249786556011,6595.227487889882
91104.22094418902,6,33197.47752461082,142,25.005306896241798,3.951711075995201,6525.52567547416
14090.174230731209,6,15536.814025655662,177,34.582449573901194,3.38971697029368,2176.274483769824
35286.68706330073,12,129436.04935223657,388,21.64821126580297,4.5235806421790095,8081.2455366313625
95537.03356689028,4,69564.17740877751,369,39.75830759484121,1.198423633397931,7704.7357474855335
90123.74055018247,1,112643.27319167068,261,15.644239969108778,2.028250768756835,7648.387533402158
51009.10775071417,10,44297.54641114691,288,30.088220162528025,2.86014533688364,5968.957296732023
65811.93380213832,8,118258.55010273228,346,31.48764954128318,1.907914157886084,7569.538913315493
34964.30646830194,2,17678.45312620802,315,32.20113892685322,3.9756207492086078,4290.999895415592
26930.904375138518,12,54040.03269543305,267,18.009689469727224,4.676832124214901,5693.977542481215
51732.856444598394,1,146731.21087805575,292,38.46324458682826,2.6950804797236936,5965.3305719857935
41801.70052234475,2,119304.4677388329,382,19.529581976252068,2.36853040044758,6769.795623367099
62529.050066578486,1,75091.13361688853,112,30.568835080996028,4.846202928550265,4611.258568795683
16996.117326848635,1,51626.84326272088,339,20.566901978077123,2.7794097313101633,4318.545163590979
97695.53268995498,9,130948.219303349,246,22.680410425531772,2.956193601797133,8802.446736728762
98758.96700316426,13,82182.31610359284,303,28.66146354320311,2.4065994893676215,9120.99240722792
72834.55426177706,14,114005.32766249756,179,25.42983546411441,4.6381938920485535,7601.367538889207
58248.67297097084,1,113362.04436710844,142,19.005640024412656,3.275821933127403,5230.948653757637
37857.485465769496,13,3673.9061067052826,188,19.273410060521208,4.048698348726578,4944.218417524145
83241.55177362538,4,19811.813636099407,247,25.453619704069993,4.247226873403545,6833.386941684036
71625.80552984914,10,99284.77559281659,194,33.93207445688752,2.3673961676690327,6276.001847984671
24635.524541040217,6,25081.351881594845,250,37.44911617119472,2.73477732528152,3130.688785569791
91983.44660444582,7,39068.5083536851,101,17.10319155648457,4.393887097625059,6772.093734616119
84028.3518630852,2,142049.05517574147,121,24.827597688985026,2.453021406703241,6086.195366270829
95481.99219627316,6,84467.15649786187,106,17.506139093071916,4.175740533807405,7033.576581171742
75314.7557549524,7,112858.69654290272,305,15.414812015814947,4.763969290297748,8900.296059915607
65207.36763422109,10,84139.13007861334,213,31.542967066098914,3.492841492272028,6403.8816548601835
47641.8732661557,14,83324.52860262606,371,30.061236049164695,3.9665091498075555,7609.839440329919
93945.5635018612,10,15028.634608728988,182,19.075477845372156,4.2203892481645395,7418.323628069143
87945.75005503675,2,52205.815698756356,278,20.845320827326603,4.38015859558657,7662.320243422978
14069.680309557047,2,43082.20390429025,309,15.59269384111296,2.580213351427184,4134.439357981893
12373.02770475268,10,59218.52647642837,223,35.873680142360094,1.2050538367039927,2728.5740133673003
43881.70301902446,7,119953.28404542491,212,39.36726490121379,2.607505084946958,4692.85289753185
82949.79977036496,12,56417.96751961287,111,18.38648841986727,3.695024919136359,6906.583260365953
98854.851638345,1,68302.82606552073,225,20.786880344132452,2.801401543123171,7639.437670419391
23537.520199317536,8,60209.82718231216,152,36.71023809867335,3.995852603441594,3020.689422277795
63471.76438169216,11,14917.787824319044,382,38.16159494890462,2.4279297178746555,6895.921128889107
44280.17709679194,13,66719.75157936677,239,25.49068457017026,3.538976564416118,5813.061447949228
97292.2958033143,3,30145.78168363274,196,16.265561806726854,1.7456792194158983,7027.8754846602405
85790.70308221377,11,28821.77107018318,104,15.984795842320485,3.9974777465798277,6637.613780539713
85449.58342400241,6,15011.379560705687,156,29.34874665172526,3.1827838752521034,5782.446970942133
52182.38438154732,9,54143.97514712295,168,24.822377722329477,1.8162575541864023,4827.916353445433
47333.75521038986,6,113864.80083362319,217,15.716310689441363,2.167644693991229,6055.090574160286
34606.63647376356,9,42189.81189692602,158,29.58130980781392,3.9944348343273295,3864.6078542982164
15073.79469858344,7,47540.01618094152,132,15.282563414725562,2.9304049426460828,3133.8033442877086
87825.01386295479,9,96758.52399319112,149,34.684298953731826,1.8641257615722888,6359.495391377864
83161.09082170698,2,30180.281075450912,118,22.660820567584288,4.86908476148119,5664.8027279559155
99974.59059575175,12,134646.73163310662,313,16.006450075230802,3.8605000792675517,10628.588968894705
99697.31533665149,8,78508.38796448162,296,29.708805524578835,4.828539330159185,8925.649925830876
59988.85350423647,8,67692.83810771233,146,24.94211036082637,2.708420181441373,5229.539677945236
79208.86736624595,2,84115.20859745101,266,39.34501033392874,2.900401362766882,6268.160387931565
95028.91568941851,12,25739.112699013123,388,28.604966562592555,4.591820864740077,9601.076781120117
86468.26516096703,14,92407.49765723727,240,21.880979525925206,3.1001973609815385,8581.929245090058
32261.32915688779,4,55102.00975846755,183,32.735971615849365,3.8291156476226687,3602.910559122354
50548.972177908414,14,134680.7648037282,281,21.787300063567784,2.00869150998212,7488.980417355474
21624.347363634548,11,26159.276794975234,178,37.60608228518913,2.786905874810562,2794.824864651356
95864.59245328502,7,76550.61447595072,314,24.36804926268441,1.4937994632414204,8565.970446996898
64555.717100579204,11,90118.78177598368,113,28.74671406940513,1.8239201435078467,5167.788355309124
30577.852495311647,4,5974.156666170802,314,16.26432759560572,1.0037736610705243,4574.958132674883
70453.06159652711,4,55190.275588664896,227,25.65303094880577,1.157060206594641,5755.2902080619315
65631.54164121063,6,110162.64997042409,347,35.809088491524875,4.909135292707717,7453.4445265638215
42234.644622955646,10,123236.24860989703,128,35.14122013408355,1.9694147805470492,4270.214591304927
20220.183297966614,6,47661.13722777507,379,20.607963971338158,3.653242838016008,5531.021294876344
70441.58760335197,10,119990.39758502993,301,20.651976775264067,4.356398795198446,8494.787750500847
56827.6930813414,3,145195.62568840495,156,35.43263280533092,3.202641836946257,5157.322871143726
79508.65525620754,9,128674.21647518902,317,38.259960504233135,1.6125780003358248,7676.324588354034
56814.715100079404,12,18528.954235739453,161,17.384023031825087,3.9124657493446655,5668.6796027272385
86696.3350286686,10,111219.81948074556,256,26.25146598565563,3.401005640398332,8382.212269038278
59671.6154897037,14,48630.35803364116,301,23.436356974105724,3.9250023573895003,7561.625952224052
60484.41743818476,11,148273.9824223994,116,36.76721138643599,4.078986491428349,5730.23256649609
88898.82423925106,2,73318.48849082318,105,17.088122867000468,4.90164147073898,6670.685302235483
46313.45795911573,6,19242.650855482214,157,20.278148563950936,3.29425312010684,4376.140168530839
22061.370560557665,12,109052.64665608123,268,33.811708439662354,2.3665644507624073,4638.501330784916
12590.440868200507,7,49128.66855954586,181,16.28234622453039,3.5938582276009483,3482.516366948453
77962.35301062571,12,149564.6454051676,318,27.31338451785723,1.2737628369705045,8606.663236149032
65827.85962181182,13,146987.58622032375,276,26.052675866993,4.589589273286345,8484.48899994439
73367.17912893012,9,98763.96868506652,303,23.360029474718715,1.4775240453527871,7451.020272994381
29166.774535801967,13,20344.140893805918,170,24.864307882973094,2.311371351543273,4135.73998275993
22273.43280280928,3,103342.28865357934,365,28.248514673255823,4.262981522504484,5590.367707003785
11309.019910109373,10,14861.542482544053,197,19.03418395970958,3.3892495133228473,3425.094805401769
41552.88029259373,3,5375.2597062564555,390,29.29989695708982,2.5745420811097683,5499.466951701628
63092.591816916974,7,123620.80848700143,307,35.135808232499656,2.8937426375000856,7217.16119687216
45301.96405897591,14,32253.189204868522,101,34.00402324475398,4.418189572808721,4268.141511780367
49372.74298213561,4,57475.04180664551,223,18.84749761734434,2.3600175442395686,5297.897504801094
91374.28250443736,13,146045.1511064498,379,18.731236743536847,4.478598739248685,11091.392549405697
41342.99203209703,8,51189.23477730439,173,21.704359193622835,1.352537723906766,4280.178959141412
56259.054024382975,13,45176.97741121398,265,24.02686815852593,4.107193748834523,6787.2382727714075
80528.77114670287,7,137812.99194379352,121,25.211389535212064,4.390190532218945,6849.425907284811
45688.85040891432,5,17501.51835252476,253,31.99243042083363,1.727270611349355,4166.588895229203
65987.80302050861,7,114177.77910708013,394,16.417010804145885,2.7213861294888018,8669.539031352399
87612.73378720706,3,148221.76943126332,318,15.86681760565166,1.6619990986546225,8874.326178052826
95456.85612918778,12,135293.10560542266,256,24.797764073597726,3.826416515976871,9242.702204306464
23236.613283613413,2,98098.51988725747,329,32.42909230344951,3.141391072246627,4658.731114744466
93392.88626453449,6,47795.05845391707,119,19.835883573912064,3.541293386833284,6650.426335632715
54290.46637715844,2,38893.97519556919,140,31.037612031406294,1.7859478678248446,3523.4655726469364
33241.994946906256,3,123069.0106258477,247,21.495703448507488,1.846983448209678,4905.188213818352
51322.21806144352,6,132093.4651788026,207,37.15215272033791,1.1659893020396255,5240.321816269282
98202.93177569294,5,79289.80196930823,183,37.39224860666541,2.288270140782919,6757.097796319074
54335.62845935826,8,37406.651177183456,389,22.43218010703316,3.2389786453347,7182.580408446557
39587.644925875735,9,17828.53805326486,233,20.749843849081014,4.431739655989315,5259.810174312937
67006.07688850531,11,13989.740706942845,306,25.282599301655782,3.667709789834723,7058.812630085117
31613.105690037377,3,108142.53965572448,382,21.013289629503717,2.7415852935990057,6178.285285632987
16827.699529779755,12,63597.69044931102,365,31.80959608229259,4.812480457576552,5565.370961270386
21599.17497195843,10,135898.6212674027,172,35.65161711370714,3.8769808023033274,4194.981935123183
21524.125506199518,3,111211.02380828779,147,31.827303272780426,4.7206608114502,3242.9454885369155
23671.242416106492,3,29497.80226927342,332,35.60876118123374,3.1103518930886627,4036.955065456624
22494.44553844691,13,92452.83540353915,199,24.924804055186854,2.0356170991725584,4599.51206948595
67678.72703228932,13,65890.31270532575,158,18.907924267721523,1.211306745458888,6357.09605289457
26369.207595923035,6,87010.20988452336,357,33.44877368493981,3.904339405935402,5381.752998974065
41110.05549914769,1,110972.29937743905,164,24.011862628538847,1.4852119920221365,4049.211596778461
90710.95689154106,7,121123.18626956483,182,31.781770630728314,2.2111005130878687,7183.1567000180885
52656.54762365851,12,126716.86163460191,253,21.76609854954414,3.1298836315355896,7120.24997884846
70080.19646689245,1,38842.256311231686,365,17.030740870166817,3.2576663511189907,7365.25141743311
25508.788408146684,14,5636.224387686295,178,39.81454488719409,3.402332787948544,3362.493044091799
27306.01169278037,5,111154.9155395512,249,18.905037698264984,1.6650213213988025,4877.3517069742475
13678.175463983098,10,16845.215212110415,147,39.71052484908702,2.518949619286595,1904.2213817944007
25204.15567649481,13,47923.01870333218,347,39.43199831416118,3.468776908467867,5149.385835660783
35073.130512876276,8,1568.7529845277245,377,34.84545259770099,4.8792754585351386,5450.99807065885
25930.943584907214,4,102568.75287784138,197,31.48557405204994,3.9105245507987547,3843.115938131818
17983.228038135006,5,25902.66970921197,124,29.445176256277115,4.690415028375831,2351.6101531211807
20857.228399054075,4,98637.07904405707,383,36.65253863444587,4.048848233256708,5129.952924640588
51470.08912294532,12,148769.649958008,167,22.2359880404872,3.3668678755696018,6491.790647951868
28570.034656521326,12,11827.959869892427,106,26.692030312121926,1.7680934765453782,2656.94799242112
42784.28749432679,14,12484.623780767643,236,30.48474923416255,3.666742607570052,5121.166930082912
55307.55437693712,4,51716.63380733456,263,25.279761896737277,3.4935182638396283,5814.350739678952
72135.53457664288,12,130091.59062344997,182,25.6871613522567,3.409876681829066,7385.688955847412
13538.092585698905,8,33113.95044990844,237,23.25711668755211,2.959143471952963,3567.8293172583294
81946.93590181383,2,54696.295169621786,172,29.1057954171134,3.1146264159571024,5630.168828214964
66511.0350541817,1,11207.305587419956,336,36.2643632003779,2.3377701084724163,5449.220315106272
17358.31287539847,3,114710.13839757451,145,20.038209450157822,3.0772507705692127,3341.229884757489
88622.07616960995,9,61837.645071158215,205,38.36082596883604,1.790223622713913,6503.93553445759
92878.51604786319,4,114128.06122606558,387,32.22719134370574,4.220697589441507,9380.810934491263
15497.016386937737,10,135637.56880767248,361,35.58183031700075,1.7431078187948312,5261.1033817843445
34918.98833324834,5,35681.70891809202,275,28.90476731575029,1.3398651595578657,4060.1519293689184
82558.11518137551,2,121302.00852065274,265,34.48791753560158,2.7449841054286295,7042.311152367583
77343.37213452926,4,9804.989621659737,244,15.40500993348668,3.6332297580242474,6679.260460810992
26606.89174207396,2,134928.26083885686,382,35.459510619488384,2.7508672997341654,5424.9998605785595
28841.439100303927,2,97964.51358625335,153,16.003471477134163,2.1070165278052344,3905.474431625772
43342.48925122438,4,131259.78189661438,277,37.24783440907156,3.232684735561763,5516.579051042715
53607.06866719192,6,1028.0715339307028,343,39.79906868096609,2.3880093416487997,5224.080014205504
65642.92943772663,7,26193.079483042886,226,22.351686554419445,4.731470760506532,6205.595190985822
43202.22756127952,10,59074.14872654732,370,20.25796390714484,4.690580558414288,7397.2104384021295
51628.12445198331,3,57545.93260283307,231,34.13408409645102,3.009487279888382,4768.324528861374
77272.38443203809,3,34782.82705560309,192,21.325658523006332,2.311535976073034,5789.908394645671
13301.488260153812,10,57860.17904021282,172,36.63905957930508,3.9485296558265564,3056.5405646085474
32719.324990961868,6,20198.45808803797,347,17.571064803936917,1.1468517739322666,5388.042473969902
74201.46272960972,13,62501.40826063788,372,18.148879909483956,2.899076024174605,9193.831711661935
90568.61539184794,12,120550.79504473036,142,39.478788877515385,2.345293577081334,6879.582304233332
56050.96979040995,3,72381.43940239932,140,31.845972456750115,4.682143540410219,4629.23213876963
57890.21367387841,13,3682.013252837033,269,36.17218061072382,1.0480121090907302,5463.742936337356
19645.481020579842,2,63795.162195307865,311,23.10823443378795,3.2112595028733963,4461.80524557425
50267.11301411092,8,5049.077397535781,267,31.91209373801511,3.962654324266504,5180.649191854428
57935.553980952085,5,144970.26819531294,138,29.856045682714928,2.940071950096165,5276.838203231435
31822.34532712567,1,19990.639954007474,344,30.078753003073675,1.3416121206508866,4119.2639352502265
34231.89078544429,3,106445.5606232622,250,32.063311488443034,4.889845560111609,4821.797540910384
43955.57467941604,10,145943.6721109208,210,29.383979328227465,3.0720417255043917,5888.098942233095
11806.407799995373,8,124079.81869831921,146,25.72655923256665,3.4567449772760455,3605.794322632863
38987.124902486044,4,105197.99089380435,162,21.89806735951367,1.9464391308300293,4096.59522713614
29030.320629689017,14,126079.67551561428,324,34.21453327283005,2.9339923404272152,6381.832801263987
39474.76169601232,7,147288.0052958335,168,20.656810750079657,2.7165979678332874,5449.3346156919415
20778.59186373261,10,93580.33009077591,398,32.30885765386036,1.299583368007935,5553.230223419911
90147.45526659055,12,84318.53621756965,389,20.833320566233166,1.424641414189869,9738.159462818721
63423.32081986438,14,94607.47845902892,395,30.63325424886135,4.349890078475099,8805.870901526094
71119.20872300406,14,80368.70712747169,302,33.67695667822572,1.959279808826361,7610.654672122775
81025.41147466045,2,95628.2767805481,160,20.46784722266348,1.7798330859945222,6238.395911881228
54859.79790361515,7,68026.48898791133,260,16.498582521532708,3.019645805000557,6362.2477476650465
17822.825927868133,5,33548.034249612756,115,18.274343574854353,4.074988525450052,2836.628406583245
58339.5887636693,5,18916.83675023967,193,30.14992418177564,1.2477860743159517,4257.646026095946
62815.70062187912,6,11182.7993943068,237,36.23616015564339,3.3072316785530234,5080.534610017269
77089.5526765897,13,40234.051779226815,137,16.12492053088561,1.4768417713622934,6343.123289252949
48849.35916067115,9,7872.411086024342,226,33.353781476041156,1.1458442033024738,4417.485542664322
21482.227251600736,14,85508.44620798845,374,23.532966148751303,1.2109758086488696,6238.748860942387
35539.83152188521,6,43290.43860650452,263,26.96320924798806,4.336656432833765,4885.089669929359
42677.40667587716,12,123855.6864049678,176,38.221488746139144,1.4718899345122463,4582.2696867480045
68132.55171984411,13,12061.890075269579,273,23.299287618396136,1.1806054576491678,6589.835934257143
61370.04742020207,14,34726.3726568814,190,26.63342334848715,2.751599548571649,5977.865104478019
42048.70533080616,8,109806.67591643173,337,15.342060369017027,4.375973887768099,7502.614369202017
98786.37239136818,7,90222.43616114023,363,17.039968000120957,2.0496335059572077,9854.784564842028
64519.733742119846,9,10609.199416125963,278,21.4647897783696,2.6868504701036655,6555.20125858759
31350.411256239502,4,131708.67911716786,308,15.69630602052686,1.159690130255005,5908.686981583603
19160.422535836336,2,131712.00266110076,172,30.784383151206274,2.7963140565395035,3247.8703472114557
23757.32252658988,7,50230.792577490305,206,25.659958920040562,3.3104523225485347,3690.3366975909776
32136.195554605732,6,51720.47065908514,394,28.703630068200553,3.283628215008579,5865.988770798137
24461.323593360008,1,148365.2253941759,383,19.366179647408238,2.3297067686974606,6240.359778969706
26791.032164617518,11,94300.2495673776,281,22.398300735915402,2.262132722652542,5519.913318786926
35658.56518244624,9,80166.1615646408,136,31.595611871318127,1.4264944757463915,3600.4172132144668
25603.623576527934,9,125884.67534923674,236,39.132568090759996,2.4671932825850735,4303.963352773166
90708.88821637827,12,43508.26041524015,155,16.26041934005523,1.3979786754918586,7084.12059821274
17221.037109547797,2,64948.206416057175,286,37.25960802138165,4.0663837788482065,3508.49586793391
57206.02506132292,3,40898.72464776179,357,29.422030032780214,4.865097190992744,6672.111180406567
46935.714429069536,5,118584.96614172099,157,29.097989168890592,4.880297826666828,5058.226717813378
98414.07552177458,5,86429.05249964749,222,27.50696338019401,4.460284397501575,7998.131887090152
20083.50119512471,1,99164.93545087051,287,16.734852147604585,3.4031685973584764,4715.769202157808
45807.00391411675,8,38593.780226071576,329,17.246921293404018,3.8034627889755197,6776.558982847866
97252.3389947832,12,33813.56990521995,267,30.022800141477152,2.1408232107216563,7968.331708103031
87895.64133045822,8,73767.81971845786,213,23.523964285888958,3.5230816806904826,7736.153940063757
83536.48638543519,4,110897.2966148312,351,37.931701664442016,2.82259819775951,8016.606626803963
33211.25443404459,13,79260.72387050386,206,25.164763433986806,2.92806935910773,5132.441064057299
25379.882865105923,7,5864.2059543046225,136,18.582036467566027,4.031106241500632,3163.9107544654325
70177.88979319879,11,130414.17444172302,191,32.8679708375509,2.1276734223890066,6396.5825889040925
93643.83902148272,10,10638.347133754603,117,22.333835536025248,2.2721584467780795,6149.111627663357
60108.66037125368,3,143417.8480743921,162,28.13675768389733,4.698567164514547,5755.103565524782
61445.14205229098,6,4746.151783313636,249,32.44581963762925,1.224897179403889,4970.254037193152
35198.11842942558,14,104473.11796347561,238,37.506602780051765,2.9425371936533615,5309.396859556813
79254.36398727432,10,13248.852493055467,285,34.8047798700419,4.651203201631446,7174.168823527665
26833.937370177104,13,136690.8103358358,284,31.909026696818103,3.441452031272628,5719.401942387321
39131.13127638193,10,70200.55219760588,304,31.99082955987859,3.1856282968485283,5616.349624249205
48289.27947547751,12,21491.042447735294,359,38.64811610080216,1.9989767169174208,5975.471914239234
55684.93408160095,14,51781.53926868714,313,22.3956024374134,2.373101956257793,7215.579777386066
31816.87591735722,9,25558.876626667545,355,15.027802354904685,4.408193663218771,6411.960649164497
20335.314226528317,1,26416.704822006413,234,21.798863984954966,3.2368725270738326,3334.8483015735105
64955.803819746936,5,142268.1397055449,160,20.4472844906686,3.0589687750271195,6523.480899128371
35976.74979162302,4,67341.67073043344,187,31.545864627849955,1.3983188541601157,3422.5204899713062
62311.439928035106,8,118531.53732189858,306,30.842789994138226,1.0641126258204925,6838.5073753437355
23892.64437467821,11,96301.2286154746,228,29.836534567618095,4.854740754748196,5036.025619330521
53302.60916693357,12,101787.52798842045,102,15.406086080236342,2.5079446691473666,5873.501331575939
57933.048929642726,1,20622.322332333737,341,33.21945136126619,3.4128522483980173,5424.537924979865
14664.118314018422,9,35893.48257550736,220,23.088260312137287,1.31886029274914,3369.8220858778395
40294.385037452856,6,118225.7999380111,201,31.62639972516578,3.732457142892186,4960.668468696997
22097.32092450768,4,145644.16476474266,137,28.914460712553833,4.730266834823844,3888.3151978283063
15703.747342549097,12,40138.67074719911,232,23.56827313569768,3.3026610119896787,4122.955364813025
99096.42091509508,9,41463.745947904936,301,18.364406677602695,1.5044612895016423,8657.233926168152
39011.84604772506,11,71461.67278882483,120,17.360472441512023,3.326886109893907,4833.703688124231
82888.70012691713,5,147592.20661546022,341,35.78795832780559,4.065388852418609,8865.327946698284
32917.65892873875,5,41074.88292814419,208,37.95993855203895,2.6256661462960746,3344.571696315854
71335.24500015363,12,61638.81453550532,183,31.24470116910749,4.519350991765871,6469.978975457484
78420.50739007178,5,133830.5223279025,182,17.585852871512085,3.594731813429458,7376.608343690632
63607.48665470599,1,1435.233860582939,390,25.050680422206018,4.59699567315681,6816.250374023804
52441.85696951425,1,6925.128783296863,168,33.22348000262893,3.494021244989349,3329.410067912103
47065.68227325417,8,91006.67988361166,228,34.495522100251705,1.525151888019297,4890.596165919955
41398.143988869575,12,136199.6445422142,295,17.955465557277215,2.2387668444207565,7205.166644068086
93657.62298230432,8,36589.64239988722,239,15.000767971134561,1.8071797930098277,7722.751921251646
84755.74670089562,12,70976.62442742565,382,32.803426147015124,4.635305990867449,9359.29173524683
96852.42195998614,6,68119.32994701492,333,23.914904399655143,4.041600269149931,9115.16671342512
21186.750113699025,12,71472.73056823101,122,21.362033290456505,3.705593475640024,3793.658509775337
75778.07276832798,11,93755.43466373203,252,15.322436744738136,2.2038652785264867,8006.956239788326
94450.6411138934,13,70991.82068561188,376,28.507485169037494,1.736179088200854,9574.144002503188
26310.975954909416,4,67672.75305704621,160,36.27876838564954,4.025804351955648,3056.853560775172
15984.664063009976,2,71668.97464425782,151,38.9407911568147,2.8966317835163187,1859.088113945421
76700.85843610532,14,89039.24874938518,252,29.14362376533223,1.9031582086025165,7545.117531056913
61702.58018619207,2,81014.11576435239,336,27.861533193497355,3.4664879126611003,6763.151996855646
85764.58990824448,9,128266.26364992514,131,17.126409637231028,1.161335408553808,7105.662375966456
22579.513896366054,5,8375.031170556325,154,28.721820038564992,2.304681016513014,2067.0962573263178
81574.05806739011,4,125164.24364947886,135,24.499476974134865,2.8742279783645386,6634.434877883931
28146.458804297006,10,126744.76727914688,209,30.178382022089423,1.5918333364376234,4589.750679109313
24729.034857913408,13,43451.295208113166,276,24.71815869691367,4.938617910363359,5522.595068716044
24783.921813789362,1,69964.94129736174,394,21.00747808625917,1.836389458358457,5289.958716034127
83311.72482082438,7,66342.23479207788,196,17.374131880709413,1.5214125201730622,6851.072818888681
69867.749862658,3,33557.96531876542,312,22.872961114722393,1.8141394955475856,6449.554541599075
57075.88822922074,6,60122.73021586116,236,17.416120857193807,4.076244532638897,6199.525101068307
42294.74357111522,5,7613.77805345731,105,19.4224237705996,2.7020226370873712,3537.866947783159
88948.04867317974,5,42395.48884447843,208,39.68340396448865,3.261663759010152,5996.06867583913
45320.05966803718,11,122685.64414215699,134,26.102588922665465,1.084036627945443,4741.3406758945275
83493.94955244193,5,43399.782962671736,138,28.296794162625414,1.1377252342932582,5257.374725537555
49522.14177131966,1,122912.79364348888,249,36.840463218430386,2.7833021993080647,5138.679876426203
43924.99864824168,1,80208.3202260602,217,39.889222512267196,4.2666209728064945,4128.64710354689
51641.180710264576,3,132099.53892681285,360,29.567861233617037,4.5409555148302605,7109.238886463511
37124.00867477279,14,86642.15358539786,186,35.31184552610429,1.3468262703825609,4611.82878343965
77284.8442158626,12,5420.565236646233,175,23.17352560841688,3.153452408404091,6413.5621270981155
55244.835108323125,10,101637.6109245163,313,22.64359893618228,4.652918745117082,7760.865162597267
30899.142563213558,4,7683.18163551173,384,25.067593024864003,2.5518910175915455,5190.360920907989
90961.71159471116,5,68138.95582848696,338,31.812681566841228,4.318263325713474,8621.929914879307
44550.20992358903,2,139484.57747649399,264,32.05479223137747,1.5347826175977448,5385.0826723986775
58919.75750025897,8,25615.386961339675,186,22.88098586623627,4.741577958671195,5597.736508748442
91582.48998680922,11,59090.98058829007,240,18.330248103415716,4.00569327012521,8717.049053358733
66181.41963225929,11,109749.18601842328,259,30.809906411637712,4.765337571147606,7547.451854420723
20520.823663752766,14,132456.5248581323,145,18.208146554719114,3.706468934210026,5081.402472488786
94584.89112521276,2,100970.50770663368,211,29.462312705733254,2.453615727997708,6897.33006047552
66493.72477642761,9,39467.81487448421,144,32.33555320140772,4.75272469009889,5376.093088976797
40141.50531913775,2,101516.5700845162,346,32.51528740986129,2.102267105236714,5395.647658322672
22534.486539704852,13,45212.41852450941,203,33.83680276648992,2.32869008824693,3765.5522730445578
81462.26703432664,9,108045.95524299155,184,36.82148553914161,3.8032336720069613,6920.25341163084
65806.54803356621,7,143150.93601017105,233,27.49897479911971,4.061265198101545,6981.692426342714
58011.49827786894,8,108487.62421483695,207,33.256229738239284,4.717613935396615,6133.958969808748
90450.33247458619,11,129569.19493394945,117,30.47931838414592,1.819209636224838,7040.270731585901
80973.74901020777,2,1313.4726332066284,193,19.665998494942066,4.191992140876896,6028.252784039386
23650.73917594761,7,107918.24658500757,249,15.642241121735204,3.9541842135878538,5533.350575778503
38054.98610159934,12,124608.5459729223,345,22.113534641923344,1.2551782250143915,6979.31022447861
32364.022583301918,6,7043.251894157532,388,26.075842658440486,2.548892564840828,5408.7860513480755
76955.16633154092,4,130868.06136594636,308,30.427648610716407,2.1310618282403944,7514.13736754194
13017.919126220144,7,39247.44001819683,225,36.24898326258013,2.2179616974161216,2502.8554524336223
61290.071638418485,14,100128.52319473022,334,19.90614291765414,4.931787518218803,8684.686156886777
78621.28171666215,13,120252.87697448759,221,18.138744747461928,3.5711096539197116,8521.81280043436
88908.90730855745,4,99737.01244584397,237,39.08699868685819,3.8707046311739983,7034.552307330091
40787.35738443167,2,14750.434018915328,214,17.701113984410178,4.906470549260037,4609.259395581513
83913.15742048116,10,89851.90631019489,261,26.962276752679728,2.5088071298305548,7815.435518225898
19956.85632596865,12,82887.96485159939,300,29.639093219832546,4.207360673811223,5355.721054036968
86180.70625610664,7,135147.86894306645,333,28.534360522685958,2.7381238532179815,8916.111926194108
21473.979609878417,8,61231.719716987165,127,17.15080392582358,4.478134687259919,3760.5785106377944
45755.85615043306,2,48841.08346597047,110,16.425672850090486,1.7226301652452127,3465.339561395719
81756.58292015982,5,112727.76390103347,305,17.637085686525893,4.790744708257119,8915.76661989747
23492.56846138964,1,62488.623586426096,266,29.639692096815313,1.8750868336435187,3432.059754435209
30632.625570937733,7,97268.33007575439,346,28.60862219085803,2.304882027923726,5697.999461899552
75002.73115537596,8,97321.06342856644,146,20.843519800918607,4.024768936427122,6906.882819933908
74803.2882891467,13,133317.82058965755,345,30.944353546139787,2.575020566261627,8789.073000564194
67703.28695967676,6,90205.1679455455,226,35.501687551391235,3.4328455070657866,6087.619118594761
72455.360002039,5,75820.88788433604,246,16.039473996164844,2.778294004277714,6976.769630862779
58845.19990128365,6,21691.827633081033,217,27.453248588701058,3.9694797483591273,5328.444846396669
32661.915301625748,2,18244.903395127098,251,32.23276030256726,1.9133250094744434,3357.524390319944
41112.63941535275,1,23993.91322717883,171,21.30779817674218,1.233831948947508,3131.4102106076944
26343.794512128312,7,26605.42371773708,236,22.694272632328726,2.199717589892265,3968.5583584573747
91760.55052002655,7,96043.68680688145,274,30.340947574734596,2.897234659473721,8060.943054492637
62505.26152895084,10,111406.2062909122,388,37.448382336093424,1.6720802087707143,7585.450809864879
46076.62750872759,11,79968.73691603639,118,35.248110507572484,2.4191891586255547,4208.666940809056
51580.52232797194,10,124523.64214927817,294,29.578255477489588,2.599932073174274,6838.780030136607
95255.50056506338,14,148698.22078331135,274,33.25554294393123,1.2295673747530942,9120.700753675987
23801.626280447217,2,123181.88173878405,240,24.120561755194966,3.333228992736818,4383.158890638413
62760.68488151175,2,104537.47367771792,345,31.024138202468944,4.5373737118851505,7203.269269828184
55529.98109960194,1,80341.41221613485,192,26.654539778188926,1.6069716518122097,4597.027197233436
65030.88118911831,10,67879.10767953153,338,19.74840341143902,3.391232053606056,7894.235927024981
11629.916543875646,8,13574.464701136809,304,32.543456846931434,3.658956819643385,3757.48849599639
88491.15180497363,8,60505.94351080895,147,28.91161593372055,2.6773387216771534,6621.9713035914565
93890.64542352511,1,136610.060880538,344,23.965539548839786,3.80439034945708,9161.533364982679
60861.986523028805,12,121395.37185607638,394,37.78347975196577,2.642926173964048,8086.966400734102
72698.5741489203,11,33191.6533867414,227,15.523352945668332,3.0185491519097396,7172.839271993493
93024.94430595661,8,70524.55991988517,381,22.894328781237398,1.029412178217708,8956.300344087636
73651.47708820587,9,122691.75718122315,116,16.422034944441165,3.7668804565387553,6719.689742528016
23728.513862283522,14,11040.298663042855,170,34.16318290554068,3.6453707157788977,3347.1663293138145
61865.952415013184,4,58721.49526463023,368,32.552686352844816,1.1536035093053782,6224.4031195206235
64604.35417445703,1,127924.3442942182,381,23.283805468407927,2.4730004295805323,7920.281171966655
48171.76041721474,1,61180.78176134844,106,31.891572555176825,4.9161273631666695,3557.5317139563904
76279.98120622506,3,12564.582064984688,202,24.898430654898746,2.682946250274467,5516.720665366338
94093.03132921134,14,81837.62091130546,292,33.90634478556086,3.007781620527367,8838.182242879833
93301.16616160987,5,129399.63174282601,340,26.354591568417653,4.639720632638874,9357.094063330056
50575.54342637189,5,88952.54590002079,161,25.30699319579164,3.8690475034630256,4960.076067421371
20191.424125667974,9,34715.58712392054,116,38.368247887207524,3.3282805244968943,2170.7780149864684
98635.70790661011,10,58251.70340046982,270,21.271977497267507,4.1912187253642905,9091.824198687033
85500.82778013407,14,68068.38081610789,124,18.011183499914136,4.457465065823893,7636.8275398537335
21219.641308294016,12,87310.68671925849,350,29.613577831486452,2.8275522869490675,5743.753012674364
92875.7694355635,2,114143.30283713934,352,39.233045307104476,2.9004334597273416,8131.467700263414
88290.67258559154,2,15732.169028454675,306,24.445980343179667,2.544203742607343,7158.420636479286
56695.42514134649,6,133558.1529196174,128,16.55091909071954,4.866824560073843,6216.337034255215
63214.78921704363,9,2834.145749395263,216,23.482631682739186,3.7886650171614016,5729.685110163762
45910.24334831172,1,56137.79786646403,381,27.64829135798896,1.3328922648322892,5655.661953310551
14928.54749398282,9,5085.62618592599,243,19.048075165805344,4.451838493252074,3957.8787110267726
40167.75174813108,9,59553.15957644839,124,31.4525554514123,2.9222397633450723,3763.8476175595197
82256.81037382103,13,79346.07723212524,255,39.94373472525501,1.2750156256899499,6966.052885738718
10416.882070414258,9,77240.52660064524,172,26.293486899536095,3.198869020653244,3492.2869909592955
40014.92545220298,5,25678.623707211536,219,23.868213918255314,2.6686571159028083,4283.863798574889
45835.182423184895,13,97215.33600424623,192,25.017604170861667,4.5109976194504995,5994.807839922565
58365.60426441306,9,7671.989125195565,185,17.87865445988003,1.8159784144375495,5200.845043298425
92787.00547714844,11,114524.11619972989,217,37.081840035655595,4.305858437968732,8113.606996229478
41171.13949293651,4,142050.0206650384,332,25.3706413880338,3.230754764741811,6744.012459459134
41225.7881706605,2,51625.55524551657,298,24.681860285621035,1.2184412128538762,4708.194949284042
76375.11232987736,13,78068.66787543545,305,31.492256823261858,4.8873812053019385,8194.062897743153
50699.61468008265,6,57457.631430763344,246,26.05083552327809,3.0504609764127997,5558.79116857352
30214.434064598376,14,1999.8481553049332,370,31.20583672019615,2.16350741692633,5365.069961568462
50719.55645194241,4,58495.30093137227,238,16.53615725326969,2.8776273679570323,5606.032898688018
22677.131834181986,6,118966.31862994062,280,35.34308359305568,4.431431134069956,4816.889776618613
25874.828785560097,3,89802.3374853388,129,38.512598821985065,2.219612497540254,2293.09402721018
54853.099546553174,6,16087.727277658681,156,31.21913465398465,1.7707055859468013,3925.6330803018063
47703.29045540931,2,127223.78396437397,331,38.86414822147027,1.5162849877235258,5459.088520656758
92336.131096129,2,80131.71638790118,245,18.785807859249083,2.191437593560845,7539.747919218501
42615.45092049698,13,126416.78089995674,147,26.93540473700884,4.120192348160174,5640.781552511069
62252.95152502391,9,87453.00629896937,293,30.04516834863618,2.8865054607810468,6907.180109717169
66903.78591275774,7,84393.57828085305,323,29.543416185529665,1.90992641477416,7033.722269595559
11178.501092950028,3,16683.618594354844,235,25.03654447722608,1.6647399984389968,2500.4825939398033
69718.36348150395,13,25936.600237655566,121,23.452110234156535,2.3309179060415164,5633.246196916404
26023.23701827763,11,145831.76321799206,105,18.17060056376047,4.759697491542836,4992.152364779443
96496.32857225096,1,35044.52526646084,303,24.793561264056954,2.3721068503600975,7585.363540497249
23379.645497780166,8,146640.36558056483,338,19.06652037763713,4.952496303818542,6694.336855901861
47316.17113543214,14,80254.99327211524,284,33.35914191230546,2.9409218230614247,6333.60852840634
17681.470127077948,6,21232.568012526634,391,20.22077338736475,1.7166556731606035,4986.642406543208
99718.68266613527,7,15796.02821030025,319,16.464132632113348,4.564560367174037,9196.49397669595
55197.550929811834,9,32120.746535155256,215,28.80915344543086,2.8414214925393075,5189.676560655083
63584.65155880394,5,138919.96217377504,148,29.88074331798504,3.8386853740180977,5756.22818109345
16036.882964958473,1,62708.38342490579,272,36.797826532012635,4.934846332836607,3338.595854935311
77496.442335926,12,59919.70593094424,181,29.424540310442048,1.200701401279896,6306.573830828755
28891.50337860272,10,47667.73289945593,144,23.637021343086143,1.3867782391502685,3560.145184092863
90824.88604966424,7,22912.21573442167,119,35.07529703815801,3.8818269658510247,5642.2209903605735
28462.567643380644,5,73689.82838166856,320,28.506972329685524,2.127300013181888,4950.9342835005245
27161.894859729993,3,20377.119594159663,222,16.982007115779794,1.7372055878003962,3592.5546816156457
13289.47010632854,12,125486.55522096681,333,29.146264007831167,1.157447519278918,5211.086783274076
52486.025059899934,13,56189.15095502067,320,37.70046363554156,1.0873868479448072,5997.50852737529
60835.70199363548,9,56845.731599487655,102,24.907815637455514,4.0979424124791635,5179.101252759924
15913.777548551712,1,71626.95784399023,281,22.408145047495,1.5377337094782,3641.655727067085
79797.48550255095,1,67175.029261697,305,18.5867364254505,2.8708824638846036,7684.046782013678
50795.99512732249,1,149233.8379858389,139,18.786138048383933,3.423587260717932,5182.326221649171
57195.124239482204,3,82261.78706152708,158,25.819287108545474,2.713407202275385,4865.901337820183
49668.64722444053,12,14142.053864690733,161,29.891995604038236,1.1084266093449324,4109.018340554858
46068.67547877934,6,91424.72389496256,231,17.015385129240045,4.134006010351635,6016.784259798053
60367.62981773961,10,23586.059637612114,159,38.48921472562914,1.042052898166614,4127.10521691147
23971.622133764125,11,5609.709064969954,221,33.878340436129896,4.0475595775099364,3694.008338974102
26373.5317445744,3,145640.58089790997,206,29.665597957091567,4.573217975152491,4858.263448889748
87560.70589121655,8,116257.29483865002,195,35.710966773474766,2.731359684228689,7032.917259551008
95150.39159202695,14,147036.23986965127,334,17.004668920302834,3.142169892391193,10633.06463781249
43597.83846517777,14,72203.88875531412,161,26.920971943328112,2.907933570470615,5174.7699994891855
34367.02058291984,10,80306.37214119744,355,30.752328171541585,2.5568344744937552,5837.701233125
67959.95889151143,2,26082.206431950402,148,35.71632265295723,4.549698141481441,4453.747826283076
46786.075398828674,14,37789.206573470256,258,34.58673900123169,4.5757340426799615,5884.60822238006
12284.772009431037,9,125943.8330205214,223,21.92673124283499,2.343265458566138,4455.4534985427645
24053.733762957134,3,54071.66142052153,306,38.5220042389801,3.460279016058792,3966.72111855861
74437.50059626577,5,124195.43109566643,147,18.10864603577176,4.707630248583456,6919.5661268072845
69303.15477191363,10,106643.04491876774,235,36.87834046552881,4.848233995765407,6992.256562197007
12438.639325313514,8,27398.467865507962,300,39.273506240115466,3.03583616168819,3262.7964821915525
29977.49457396545,2,76609.50855184157,349,19.42883808056564,2.811299221137307,5432.981498935098
30796.731692926427,6,101930.7109062888,394,33.051651605094634,2.114777263714103,5900.506044135363
70470.34692388555,12,36020.54500576994,308,16.00713796944996,4.83548749276164,8203.104841472148
11773.948397892775,5,124772.58806749145,310,25.135570628478874,1.5712572178914694,4452.433522666717
19369.772378611648,13,82179.32097423283,291,27.90708247994185,3.3193183041909,5169.273969524074
81992.44768358704,10,25621.065515947877,143,29.51613064774085,2.1302010700745555,5791.035039595726
26069.019584890026,9,87864.67949852576,128,38.398431206213985,2.1160331613911865,3045.525856123946
68747.14970666872,12,149957.35681923118,158,31.806267182354865,2.619874349504754,6520.433766028622
31436.450294205388,5,23427.70225784862,170,27.031948780480924,4.995171743262619,3468.234598627476
18949.725348341064,2,122696.78258780969,191,35.24187590664724,1.2198652273592883,2753.844654899639
31885.497189950867,5,31889.041474946138,364,38.76332052386022,3.314167272814126,4779.402482212595
75004.02386700932,12,117575.861089553,319,15.55165371705727,1.3302886321411087,8826.300775497084
87012.68212956571,4,110452.11054509057,314,39.56303180640097,1.6180833199620759,7295.988234078123
84719.78781102924,11,45772.91845446442,376,17.153303476592008,2.7582517670915947,9227.639824802283
45746.51766566093,7,49547.64451710302,163,35.35966948171904,3.041840525385765,3989.938000499338
70127.66229135815,6,119085.68740247496,391,22.00836881378531,2.035169633458096,8617.898563859495
28448.586587423888,14,69755.38127120958,344,18.304491443846793,2.2658285234976647,6302.419397558656
36383.29572349119,2,109891.88627805951,161,25.996390992845875,1.3478680810237322,3660.9437716144616
90670.22366690078,12,23049.637957509378,269,31.09891448619034,2.212879135377002,7563.018545080123
11170.173115966243,11,128031.10950333148,368,24.523796125586877,4.866233757522176,6274.079085595646
17695.76777690213,11,106921.82278566554,366,16.364135207067473,4.778829526689927,7024.682724863104
28709.76296314246,13,136134.47851639026,153,29.986528491467915,2.33951316054794,4531.868152834345
12387.898348643774,5,20723.484476210895,115,37.56008190276687,3.2834157451150463,1251.1795473782352
26329.18915808176,7,89359.16055372905,107,24.58038414868129,4.638381564443778,3734.310378580298
62473.7404872723,11,90268.96717100845,203,20.408319440770676,1.0247352905635867,6281.779303267693
47928.209553324814,7,53665.65034147059,158,26.064433648320385,4.2427342813503675,4573.734850154559
90340.45399692774,5,69311.49726081941,139,16.20906777621952,4.793478211155676,7205.514473183086
83569.92055645968,12,6659.252930188167,336,35.51218961200687,1.3653029373342283,7405.483719584071
40763.561652808836,9,112133.14575542479,193,35.65852027375467,1.6457907441316841,4502.052162654779
33348.10900881632,4,82849.04943107293,321,29.70001158574071,4.842985211085422,5504.848977535697
44172.316735054024,11,9603.416728506892,303,23.82757222345974,3.150160574561385,5965.870728727333
63126.5448263327,3,102432.62805111235,237,34.99458411114458,1.0567865378868948,5279.204134245604
34125.727674058864,4,70550.529507447,399,28.86717561970918,2.0305279950541166,5713.5224154377565
66173.40170642207,5,6134.727654325,306,35.648307713750405,2.7997746970754385,5722.502524558251
46847.04869721164,13,145471.5513003662,180,30.786469814575515,3.771635644099071,6189.146606917161
59684.24627667822,6,142417.70932032663,317,34.61013683031993,3.9326415125471983,7472.582221203875
49251.3876221785,3,77422.46000593243,101,29.964074830443998,4.981686051701825,4127.651060752158
36501.918358772586,2,14957.19068518062,277,25.353526705391655,2.150044797535036,4222.984445666695
95360.7976265941,14,113438.56201819018,378,38.94864649815344,3.152880407473901,9714.97263819993
78724.52147437847,13,74297.73391575363,245,28.527845621971117,3.13329419143842,7526.883159468642
22610.18581898073,4,46064.6742651176,323,30.12723796351346,2.62258103778895,4245.543477944243
88162.11783081215,5,74221.30845175496,161,20.512190985368733,1.6766475753696808,6580.755933389616
53868.807842456226,4,78844.1776654142,393,30.64126973568191,4.90982625273537,7153.9326584034725
90509.70042046823,14,84844.04315432854,338,29.290191237073596,4.413268746666344,9554.540187055887
81986.97303525837,11,66742.33333464366,294,19.620959948675623,2.993332113176949,8464.322170482877
48269.21540223101,13,91257.54016771945,265,16.489677433828593,3.4129816907361192,7170.187977746347
12022.237748810567,12,137891.47188035023,321,30.10898299286928,1.9090442142386492,5316.815084786724
34180.962344645144,3,54977.94497769008,160,34.092306733758015,3.1751482815669876,3118.338359648399
58747.07931947802,8,109131.75301977241,228,28.085034273050205,3.7798805324859033,6409.69502308929
67013.03978435326,10,134273.43096681059,272,20.669315632991143,3.060668113546355,7940.664077280598
33209.89168898821,4,68940.9120882306,255,31.663049417325873,4.9611406823397655,4589.084231133988
22542.04666655417,14,67074.91962090372,209,17.002643165240055,3.4453666249909047,5305.270200191434
85143.72131193693,2,90715.43081786214,368,26.045842620048866,2.483894850368676,8240.172249308689
98596.1962633197,2,89119.60715395072,377,19.084168959960504,4.088608110463353,9632.033753220654
57312.11640724172,1,121181.81200661528,173,19.611476276497086,1.6818500463265682,5170.340927723452
25451.135726347315,13,71996.02418296562,306,20.05734872895509,2.538063254825066,6150.828032897058
34507.65938674321,4,149422.31949627673,378,24.667676426099447,2.3878358015103434,6536.456700074735
11655.160889272007,10,9861.263761224836,303,16.27875514050994,2.727228380431109,4399.993808575967
92286.89259044491,9,1472.0094385245588,260,24.944836023227452,4.127119303714905,7748.830467117706
20597.5974601127,14,96389.54842238394,127,27.792686177867523,2.93669212865363,3921.5007706412525
61886.48279628282,11,45466.80194191963,356,27.08235712415813,4.176057801063851,7785.87906875977
34664.96986184854,7,36816.975916223084,264,24.569602510076013,3.3059556125594636,5054.890100039676
59876.02022642141,12,47472.96292063779,162,35.97866520176881,2.3682777386302214,5013.868693711123
68627.83495166778,10,39151.08720063819,121,18.633167310512604,4.23991497473389,5843.624169014252
84676.76233364815,7,5587.71739940673,169,27.642418594534348,1.9531586822123663,5662.531584880052
28577.91445845429,13,145758.4233161977,195,16.55103542391386,1.897531919199182,5719.217805980224
10989.624579263244,7,33891.07777946448,262,16.778891971947743,3.018011696219343,4179.872351554872
22319.706706192657,8,110370.43462580664,178,29.34664624192741,2.0433969838483557,3601.25621839857
91001.67776632946,1,114626.86280943212,104,29.150460622195524,1.0363481398048653,5706.356763784513
88650.10698062637,10,139459.35230307718,219,36.95083782111142,3.593190109195206,7906.186439800202
63767.17919532775,13,5551.869106913616,277,28.94684189150183,3.044375285889592,6559.193666961299
64046.5174390288,10,130935.20242860414,275,38.99477551012126,2.7820712579726448,6858.153900662353
69853.30070916298,8,79556.70094513023,316,16.217371209998245,4.867874058473261,8326.695033091559
25783.41507611046,4,95249.07238490836,155,17.450192119518526,3.2847967358516548,4051.198496789145
92297.07513324638,4,97026.07129103402,286,16.101646539259534,4.4537263111575385,8996.22050755175
47689.34724028658,4,123149.87294272441,331,19.6319212583385,1.5578009448206407,6753.135914062748
44482.46754245477,6,50677.69100170746,354,28.531752773541953,3.2768258525177107,6098.347355428394
56702.59347545538,7,110224.62728913901,203,31.1393045356857,4.471918506923611,5944.812218932612
14226.937009754954,6,79758.13834860736,176,16.13962894871672,3.332423029119592,3572.5526928595195
24965.503188047147,1,119215.70813149681,329,38.64927224613999,3.872056712508006,4754.317297725868
76423.02547837334,12,148591.3588827499,357,36.05413441625953,2.4881742712488295,8814.381944427354
17451.88011326138,8,30897.001593160425,363,22.41531205392733,1.3697980681482664,4668.179769241564
64283.68985197494,13,149202.6475924397,281,16.9296882556617,2.8316011805082857,8482.189424512053
32081.419871318885,10,14382.010988133326,355,19.247176830476434,2.57791756335543,5804.439893399398
45036.60526377789,11,1345.314637817266,137,18.173610343874316,4.46824072951579,4571.952595078268
35982.43630936299,13,7580.128490496858,275,18.08209448247367,1.975981209409889,5334.246378470899
42010.54448184543,7,51925.57830577749,126,27.96404221664335,4.866936910140432,4041.5852426653305
74714.1314665821,6,95303.04327108669,375,21.14618606233501,4.832552479217984,8906.690297578027
36740.95440608575,6,11285.401592289594,239,23.95349291322861,1.9905265722857548,4066.462655189948
60976.417626720744,5,1844.2063649055233,398,39.73763333460806,2.392207821909282,5876.122350549872
52844.53619791897,6,140626.5632403604,386,32.10785622313362,4.58222296349554,8021.8032468989295
69730.40488263834,12,123467.06875504952,190,38.724516676175035,4.86648888358443,6983.51694769347
94314.67653922823,9,121568.29249971562,160,18.56391387582789,2.773756411344176,7980.07039828401
75931.48874892252,10,132779.2170497946,262,24.553486870814233,2.2839881825635913,8000.732040581441
29344.63407316811,9,105305.10664304356,242,28.868295082058857,3.104376053006168,5059.489735569261
12806.48215551562,10,16556.215332464133,352,16.91895154721845,3.751076825462939,5349.262634309434
33603.76398698425,8,60465.928022984735,368,15.104686090698946,2.093898061499919,6346.532284678088
63557.01376302294,10,108749.2734832298,390,31.760858344922937,3.945892698476291,8475.6897238308
14628.323213582531,9,42769.83465793662,286,31.04548792003588,1.2066294284585641,3553.3754665277183
54672.96224811127,13,103423.5482562994,390,25.269720249990293,1.1971779710576658,7810.246936263716
63715.85640252003,10,4650.2687918802,185,27.241101900800814,2.545150820582181,5301.684233052649
40081.95017352648,8,46614.46379105939,265,25.386075014802238,2.4138927682428823,5262.7927919076255
79382.09833712397,8,82820.42010529873,213,15.600126121122221,2.262532861468609,7658.600281499865
19593.842782039465,1,95181.3845964301,282,23.38429015543656,2.96407905067564,4155.134760920554
16762.400356222788,10,86979.05900482471,306,19.427056384932246,2.282934329246285,5323.036622970111
75536.9880583243,11,104965.685134941,355,17.460604727534218,1.7690316738723677,8916.302228284036
54594.218458557865,5,1907.2234877360215,334,38.918010847233745,2.2378781963544037,5168.794125766851
71956.21567849624,4,16040.238796650701,102,29.98399312605414,4.899617091240939,4511.887978713676
49134.46047433716,2,130472.69358959261,307,33.21640710591507,2.6444536679793944,5773.2433603430545
32176.182991519614,8,102580.54796943402,296,22.884093581652937,2.778851107433343,5728.592689357694
83719.20859067797,3,17826.814760215682,224,24.82867823735038,3.30617995980456,6331.927061796257
81947.42910720814,4,126469.0911723883,237,20.923099847418086,4.933363073656906,8008.471862790931
72522.68237689842,12,37092.45145586047,124,17.42414177413562,1.966405105743052,6025.0380002366965
34493.062350696644,7,72260.7227450883,167,19.475790936039594,3.7251284421297353,4691.185948435474
63120.760018217836,10,22634.280419814382,160,34.93785113241215,3.8639387741668965,5068.233757446344
42487.65072460241,9,106806.3984068343,128,31.938645129594395,3.4292976671722637,4623.252561219283
18242.386599397076,2,100361.30873112592,118,28.67322189963692,1.3543133585465763,2174.5166569541166
92558.22179160186,3,32455.758203754292,270,26.877246821669203,3.707489103310306,7228.41448016222
22313.676782706527,4,129646.71426169327,173,38.06085709140311,1.256378844144702,3026.7215473648785
95521.36184387222,10,60794.59760873712,160,16.81837369446671,3.3845705981995877,7759.493879636964
50140.51956621602,1,44584.74856954053,252,22.0150203309479,3.9583247088869706,5354.829239204762
